<ImportExportXml xmlns:xsi="http://www.w3.org/2001/XMLSchema-instance">
  <Entities></Entities>
  <Roles></Roles>
  <Workflows>
    <Workflow WorkflowId="{4ff4740c-b7d5-ee11-9078-000d3a372f57}" Name="Get Solution History Records">
      <JsonFileName>/Workflows/GetSolutionHistoryRecords-4FF4740C-B7D5-EE11-9078-000D3A372F57.json</JsonFileName>
      <Type>1</Type>
      <Subprocess>0</Subprocess>
      <Category>5</Category>
      <Mode>0</Mode>
      <Scope>4</Scope>
      <OnDemand>0</OnDemand>
      <TriggerOnCreate>0</TriggerOnCreate>
      <TriggerOnDelete>0</TriggerOnDelete>
      <AsyncAutodelete>0</AsyncAutodelete>
      <SyncWorkflowLogOnFailure>0</SyncWorkflowLogOnFailure>
      <StateCode>1</StateCode>
      <StatusCode>2</StatusCode>
      <RunAs>1</RunAs>
      <IsTransacted>1</IsTransacted>
      <IntroducedVersion>1.0.0.1</IntroducedVersion>
      <IsCustomizable>1</IsCustomizable>
      <BusinessProcessType>0</BusinessProcessType>
      <IsCustomProcessingStepAllowedForOtherPublishers>1</IsCustomProcessingStepAllowedForOtherPublishers>
      <PrimaryEntity>none</PrimaryEntity>
      <LocalizedNames>
        <LocalizedName languagecode="1033" description="Get Solution History Records" />
      </LocalizedNames>
    </Workflow>
    <Workflow WorkflowId="{7b7d9aa5-6ed6-ee11-9078-000d3a372f57}" Name="Export Audit Records">
      <JsonFileName>/Workflows/ExportAuditRecords-7B7D9AA5-6ED6-EE11-9078-000D3A372F57.json</JsonFileName>
      <Type>1</Type>
      <Subprocess>0</Subprocess>
      <Category>5</Category>
      <Mode>0</Mode>
      <Scope>4</Scope>
      <OnDemand>0</OnDemand>
      <TriggerOnCreate>0</TriggerOnCreate>
      <TriggerOnDelete>0</TriggerOnDelete>
      <AsyncAutodelete>0</AsyncAutodelete>
      <SyncWorkflowLogOnFailure>0</SyncWorkflowLogOnFailure>
      <StateCode>1</StateCode>
      <StatusCode>2</StatusCode>
      <RunAs>1</RunAs>
      <IsTransacted>1</IsTransacted>
      <IntroducedVersion>1.0.0.1</IntroducedVersion>
      <IsCustomizable>1</IsCustomizable>
      <BusinessProcessType>0</BusinessProcessType>
      <IsCustomProcessingStepAllowedForOtherPublishers>1</IsCustomProcessingStepAllowedForOtherPublishers>
      <PrimaryEntity>none</PrimaryEntity>
      <LocalizedNames>
        <LocalizedName languagecode="1033" description="Export Audit Records" />
      </LocalizedNames>
    </Workflow>
  </Workflows>
  <FieldSecurityProfiles></FieldSecurityProfiles>
  <Templates />
  <EntityMaps />
  <EntityRelationships />
  <OrganizationSettings />
  <optionsets />
  <CustomControls />
  <EntityDataProviders />
  <CanvasApps>
    <CanvasApp>
      <Name>autocoe_auditlogviewer_4feb7</Name>
      <AppVersion>2024-03-27T21:03:42Z</AppVersion>
      <Status>Ready</Status>
      <CreatedByClientVersion>3.24032.26.0</CreatedByClientVersion>
      <MinClientVersion>3.24032.26.0</MinClientVersion>
      <Tags>{"primaryDeviceWidth":"1366","primaryDeviceHeight":"768","supportsPortrait":"true","supportsLandscape":"true","primaryFormFactor":"Tablet","showStatusBar":"false","publisherVersion":"3.24032.26","minimumRequiredApiVersion":"2.2.0","hasComponent":"true","hasUnlockedComponent":"true","isUnifiedRootApp":"false","offlineLargeFilesSupport":"false","sienaVersion":"20240327T205526Z-3.24032.26.0"}</Tags>
      <IsCdsUpgraded>0</IsCdsUpgraded>
      <GalleryItemId xsi:nil="true"></GalleryItemId>
      <BackgroundColor>RGBA(0,176,240,1)</BackgroundColor>
      <DisplayName>Audit Log Viewer</DisplayName>
      <Description xsi:nil="true"></Description>
      <CommitMessage xsi:nil="true"></CommitMessage>
      <Publisher></Publisher>
      <AuthorizationReferences>[]</AuthorizationReferences>
      <ConnectionReferences>{"8b315995-0d28-41b4-a3bf-f2cab53933b1":{"id":"/providers/microsoft.powerapps/apis/shared_logicflows","displayName":"Logic flows","iconUri":"https://connectoricons-prod.azureedge.net/releases/v1.0.1680/1.0.1680.3652/logicflows/icon.png","dataSources":["GetSolutionHistoryRecords"],"dependencies":["4141c348-e68a-474d-9e07-e81c674f495a"],"dependents":[],"parameterHints":{"workflowName":{"value":"b324a74b-7858-4436-a62f-10dd47b02d45"},"workflowEntityId":{"value":"4ff4740c-b7d5-ee11-9078-000d3a372f57"},"workflowDisplayName":{"value":"Get Solution History Records"},"4141c348-e68a-474d-9e07-e81c674f495a":{"value":"shared_commondataserviceforapps"}},"parameterHintsV2":{"workflowName":{"value":"b324a74b-7858-4436-a62f-10dd47b02d45"},"workflowEntityId":{"value":"4ff4740c-b7d5-ee11-9078-000d3a372f57"},"workflowDisplayName":{"value":"Get Solution History Records"},"shared_commondataserviceforapps":{"value":"4141c348-e68a-474d-9e07-e81c674f495a"}},"isOnPremiseConnection":false,"bypassConsent":false,"dataSets":{},"apiTier":"Standard","actions":["Run"]},"4141c348-e68a-474d-9e07-e81c674f495a":{"id":"/providers/microsoft.powerapps/apis/shared_commondataserviceforapps","displayName":"Microsoft Dataverse","iconUri":"https://connectoricons-prod.azureedge.net/releases/v1.0.1679/1.0.1679.3643/commondataserviceforapps/icon.png","dataSources":[],"dependencies":[],"dependents":["8b315995-0d28-41b4-a3bf-f2cab53933b1"],"parameterHints":{},"parameterHintsV2":{},"isOnPremiseConnection":false,"bypassConsent":false,"dataSets":{},"apiTier":"Premium"},"aef5d908-d1c8-48a1-9afb-912bc5c41172":{"id":"/providers/microsoft.powerapps/apis/shared_logicflows","displayName":"Logic flows","iconUri":"https://connectoricons-prod.azureedge.net/releases/v1.0.1680/1.0.1680.3652/logicflows/icon.png","dataSources":["ExportAuditRecords"],"dependencies":["8834a798-7641-4b38-b3c9-edba6a3a36bb"],"dependents":[],"parameterHints":{"workflowName":{"value":"dadcf2ff-481f-4e2c-99b8-23c442c1b349"},"workflowEntityId":{"value":"7b7d9aa5-6ed6-ee11-9078-000d3a372f57"},"workflowDisplayName":{"value":"Export Audit Records"},"8834a798-7641-4b38-b3c9-edba6a3a36bb":{"value":"shared_onedriveforbusiness"}},"parameterHintsV2":{"workflowName":{"value":"dadcf2ff-481f-4e2c-99b8-23c442c1b349"},"workflowEntityId":{"value":"7b7d9aa5-6ed6-ee11-9078-000d3a372f57"},"workflowDisplayName":{"value":"Export Audit Records"},"shared_onedriveforbusiness":{"value":"8834a798-7641-4b38-b3c9-edba6a3a36bb"}},"isOnPremiseConnection":false,"bypassConsent":false,"dataSets":{},"apiTier":"Standard","actions":["Run"]},"8834a798-7641-4b38-b3c9-edba6a3a36bb":{"id":"/providers/microsoft.powerapps/apis/shared_onedriveforbusiness","displayName":"OneDrive for Business","iconUri":"https://connectoricons-prod.azureedge.net/releases/v1.0.1669/1.0.1669.3522/onedriveforbusiness/icon.png","dataSources":[],"dependencies":[],"dependents":["aef5d908-d1c8-48a1-9afb-912bc5c41172"],"parameterHints":{},"parameterHintsV2":{},"isOnPremiseConnection":false,"bypassConsent":false,"dataSets":{},"apiTier":"Standard"}}</ConnectionReferences>
      <DatabaseReferences>{"default.cds":{"databaseDetails":{"referenceType":"Environmental","environmentName":"default.cds","overrideValues":{"status":"NotSpecified","environmentVariableName":""}},"dataSources":{"Flow Machine Groups":{"entitySetName":"flowmachinegroups","logicalName":"flowmachinegroup"},"Flow Machines":{"entitySetName":"flowmachines","logicalName":"flowmachine"},"Processes":{"entitySetName":"workflows","logicalName":"workflow"},"environment_39a902ba":{"entitySetName":"Environment","logicalName":"environment_39a902ba"},"Users":{"entitySetName":"systemusers","logicalName":"systemuser"},"Environment Variable Definitions":{"entitySetName":"environmentvariabledefinitions","logicalName":"environmentvariabledefinition"},"Environment Variable Values":{"entitySetName":"environmentvariablevalues","logicalName":"environmentvariablevalue"},"StageSolutionUpload":{"entitySetName":"stagesolutionuploads","logicalName":"stagesolutionupload"}}}}</DatabaseReferences>
      <AppComponents>[]</AppComponents>
      <AppComponentDependencies>[]</AppComponentDependencies>
      <CanConsumeAppPass>1</CanConsumeAppPass>
      <CanvasAppType>0</CanvasAppType>
      <BypassConsent>0</BypassConsent>
      <AdminControlBypassConsent>0</AdminControlBypassConsent>
      <EmbeddedApp xsi:nil="true"></EmbeddedApp>
      <IntroducedVersion>1.0</IntroducedVersion>
      <CdsDependencies>{"cdsdependencies":[{"dependencyid":"4ff4740c-b7d5-ee11-9078-000d3a372f57","componenttype":29,"componenttypeplatformname":"Workflow"},{"dependencyid":"7b7d9aa5-6ed6-ee11-9078-000d3a372f57","componenttype":29,"componenttypeplatformname":"Workflow"},{"logicalname":"flowmachinegroup","componenttype":1},{"logicalname":"flowmachine","componenttype":1},{"logicalname":"workflow","componenttype":1},{"logicalname":"systemuser","componenttype":1},{"logicalname":"environmentvariabledefinition","componenttype":1},{"logicalname":"environmentvariablevalue","componenttype":1},{"logicalname":"stagesolutionupload","componenttype":1}]}</CdsDependencies>
      <IsCustomizable>1</IsCustomizable>
      <BackgroundImageUri>/CanvasApps/autocoe_auditlogviewer_4feb7_BackgroundImageUri</BackgroundImageUri>
      <DocumentUri>/CanvasApps/autocoe_auditlogviewer_4feb7_DocumentUri.msapp</DocumentUri>
      <AdditionalUris>
        <AdditionalUri>/CanvasApps/autocoe_auditlogviewer_4feb7_AdditionalUris0_identity.json</AdditionalUri>
      </AdditionalUris>
    </CanvasApp>
  </CanvasApps>
  <connectionreferences>
    <connectionreference connectionreferencelogicalname="new_sharedonedriveforbusiness_039f7">
      <connectionreferencedisplayname>OneDrive for Business Default-039f7</connectionreferencedisplayname>
      <connectorid>/providers/Microsoft.PowerApps/apis/shared_onedriveforbusiness</connectorid>
      <iscustomizable>1</iscustomizable>
      <statecode>0</statecode>
      <statuscode>1</statuscode>
    </connectionreference>
    <connectionreference connectionreferencelogicalname="rpacat_sharedcommondataserviceforapps_224e0">
      <connectionreferencedisplayname>Microsoft Dataverse AKVEnvVariables-224e0</connectionreferencedisplayname>
      <connectorid>/providers/Microsoft.PowerApps/apis/shared_commondataserviceforapps</connectorid>
      <iscustomizable>1</iscustomizable>
      <statecode>0</statecode>
      <statuscode>1</statuscode>
    </connectionreference>
  </connectionreferences>
  <Languages>
    <Language>1033</Language>
  </Languages>
</ImportExportXml>