<ImportExportXml version="9.2.23123.234" SolutionPackageVersion="9.2" languagecode="1033" generatedBy="CrmLive" xmlns:xsi="http://www.w3.org/2001/XMLSchema-instance">
  <SolutionManifest>
    <UniqueName>CloudFlowAnalysis</UniqueName>
    <LocalizedNames>
      <LocalizedName description="Cloud Flow Analysis" languagecode="1033" />
    </LocalizedNames>
    <Descriptions />
    <Version>1.0.0.12</Version>
    <Managed>1</Managed>
    <Publisher>
      <UniqueName>RPACAT</UniqueName>
      <LocalizedNames>
        <LocalizedName description="RPACAT" languagecode="1033" />
      </LocalizedNames>
      <Descriptions />
      <EMailAddress xsi:nil="true"></EMailAddress>
      <SupportingWebsiteUrl xsi:nil="true"></SupportingWebsiteUrl>
      <CustomizationPrefix>rpacat</CustomizationPrefix>
      <CustomizationOptionValuePrefix>42333</CustomizationOptionValuePrefix>
      <Addresses>
        <Address>
          <AddressNumber>1</AddressNumber>
          <AddressTypeCode>1</AddressTypeCode>
          <City xsi:nil="true"></City>
          <County xsi:nil="true"></County>
          <Country xsi:nil="true"></Country>
          <Fax xsi:nil="true"></Fax>
          <FreightTermsCode xsi:nil="true"></FreightTermsCode>
          <ImportSequenceNumber xsi:nil="true"></ImportSequenceNumber>
          <Latitude xsi:nil="true"></Latitude>
          <Line1 xsi:nil="true"></Line1>
          <Line2 xsi:nil="true"></Line2>
          <Line3 xsi:nil="true"></Line3>
          <Longitude xsi:nil="true"></Longitude>
          <Name xsi:nil="true"></Name>
          <PostalCode xsi:nil="true"></PostalCode>
          <PostOfficeBox xsi:nil="true"></PostOfficeBox>
          <PrimaryContactName xsi:nil="true"></PrimaryContactName>
          <ShippingMethodCode>1</ShippingMethodCode>
          <StateOrProvince xsi:nil="true"></StateOrProvince>
          <Telephone1 xsi:nil="true"></Telephone1>
          <Telephone2 xsi:nil="true"></Telephone2>
          <Telephone3 xsi:nil="true"></Telephone3>
          <TimeZoneRuleVersionNumber xsi:nil="true"></TimeZoneRuleVersionNumber>
          <UPSZone xsi:nil="true"></UPSZone>
          <UTCOffset xsi:nil="true"></UTCOffset>
          <UTCConversionTimeZoneCode xsi:nil="true"></UTCConversionTimeZoneCode>
        </Address>
        <Address>
          <AddressNumber>2</AddressNumber>
          <AddressTypeCode>1</AddressTypeCode>
          <City xsi:nil="true"></City>
          <County xsi:nil="true"></County>
          <Country xsi:nil="true"></Country>
          <Fax xsi:nil="true"></Fax>
          <FreightTermsCode xsi:nil="true"></FreightTermsCode>
          <ImportSequenceNumber xsi:nil="true"></ImportSequenceNumber>
          <Latitude xsi:nil="true"></Latitude>
          <Line1 xsi:nil="true"></Line1>
          <Line2 xsi:nil="true"></Line2>
          <Line3 xsi:nil="true"></Line3>
          <Longitude xsi:nil="true"></Longitude>
          <Name xsi:nil="true"></Name>
          <PostalCode xsi:nil="true"></PostalCode>
          <PostOfficeBox xsi:nil="true"></PostOfficeBox>
          <PrimaryContactName xsi:nil="true"></PrimaryContactName>
          <ShippingMethodCode>1</ShippingMethodCode>
          <StateOrProvince xsi:nil="true"></StateOrProvince>
          <Telephone1 xsi:nil="true"></Telephone1>
          <Telephone2 xsi:nil="true"></Telephone2>
          <Telephone3 xsi:nil="true"></Telephone3>
          <TimeZoneRuleVersionNumber xsi:nil="true"></TimeZoneRuleVersionNumber>
          <UPSZone xsi:nil="true"></UPSZone>
          <UTCOffset xsi:nil="true"></UTCOffset>
          <UTCConversionTimeZoneCode xsi:nil="true"></UTCConversionTimeZoneCode>
        </Address>
      </Addresses>
    </Publisher>
    <RootComponents>
      <RootComponent type="1" schemaName="flowsession" behavior="1" />
      <RootComponent type="1" schemaName="rpacat_cloudflowdesktopflow" behavior="0" />
      <RootComponent type="1" schemaName="rpacat_cloudflowdetail" behavior="0" />
      <RootComponent type="1" schemaName="rpacat_cloudflowrefresh" behavior="0" />
      <RootComponent type="1" schemaName="systemuser" behavior="1" />
      <RootComponent type="1" schemaName="workflow" behavior="1" />
      <RootComponent type="29" id="{51503fcd-b07f-ee11-8179-002248359895}" behavior="0" />
      <RootComponent type="29" id="{53829daf-ceb9-ee11-a569-000d3aa9a4a4}" behavior="0" />
      <RootComponent type="29" id="{6f5e068d-15b7-ee11-a569-000d3aa9a4a4}" behavior="0" />
      <RootComponent type="29" id="{9c8b754c-96b8-ee11-a569-000d3aa9a4a4}" behavior="0" />
      <RootComponent type="29" id="{e6c105a0-b77f-ee11-8179-002248359895}" behavior="0" />
      <RootComponent type="29" id="{ec2d75c8-7f7d-ee11-8179-002248359895}" behavior="0" />
      <RootComponent type="29" id="{f58aa8d8-d97f-ee11-8179-002248359895}" behavior="0" />
      <RootComponent type="29" id="{f765c7b3-af84-ee11-8179-000d3aa9a4a4}" behavior="0" />
      <RootComponent type="62" schemaName="rpacat_CloudFlowAnalysis" behavior="0" />
      <RootComponent type="80" schemaName="rpacat_CloudFlowAnalysis" behavior="0" />
      <RootComponent type="300" schemaName="rpacat_refreshdata_822cf" behavior="0" />
    </RootComponents>
    <MissingDependencies>
      <MissingDependency>
        <Required type="1" schemaName="aaduser" displayName="Microsoft Entra ID" solution="MetadataExtension (1.0.2.87)" />
        <Dependent type="29" displayName="Get Flows" id="{e6c105a0-b77f-ee11-8179-002248359895}" />
      </MissingDependency>
      <MissingDependency>
        <Required type="1" schemaName="flowmachine" displayName="Flow Machine" solution="MicrosoftFlowExtensionsCore (1.7.1.1)">
          <package>MicrosoftFlowExtensionsAnchor (1.7.1.1)</package>
        </Required>
        <Dependent type="29" displayName="Get Desktop Flows" id="{ec2d75c8-7f7d-ee11-8179-002248359895}" />
      </MissingDependency>
      <MissingDependency>
        <Required type="1" schemaName="flowmachinegroup" displayName="Flow Machine Group" solution="MicrosoftFlowExtensionsCore (1.7.1.1)">
          <package>MicrosoftFlowExtensionsAnchor (1.7.1.1)</package>
        </Required>
        <Dependent type="29" displayName="Get Desktop Flows" id="{ec2d75c8-7f7d-ee11-8179-002248359895}" />
      </MissingDependency>
      <MissingDependency>
        <Required type="1" schemaName="flowsession" displayName="Flow Session" solution="MicrosoftFlowExtensionsCore (1.7.1.1)">
          <package>MicrosoftFlowExtensionsAnchor (1.7.1.1)</package>
        </Required>
        <Dependent type="1" schemaName="flowsession" displayName="Flow Session" />
      </MissingDependency>
      <MissingDependency>
        <Required type="1" schemaName="flowsession" displayName="Flow Session" solution="MicrosoftFlowExtensionsCore (1.7.1.1)">
          <package>MicrosoftFlowExtensionsAnchor (1.7.1.1)</package>
        </Required>
        <Dependent type="10" schemaName="rpacat_cloudflowdesktopflow_FlowSession_flowsess" displayName="rpacat_cloudflowdesktopflow_FlowSession_flowsess" parentSchemaName="flowsession" parentDisplayName="Flow Session" />
      </MissingDependency>
      <MissingDependency>
        <Required type="1" schemaName="flowsession" displayName="Flow Session" solution="MicrosoftFlowExtensionsCore (1.7.1.1)">
          <package>MicrosoftFlowExtensionsAnchor (1.7.1.1)</package>
        </Required>
        <Dependent type="29" displayName="Get Desktop Flows" id="{ec2d75c8-7f7d-ee11-8179-002248359895}" />
      </MissingDependency>
      <MissingDependency>
        <Required type="2" schemaName="flowsessionid" displayName="FlowSession" parentSchemaName="flowsession" parentDisplayName="Flow Session" solution="MicrosoftFlowExtensionsCore (1.7.1.1)">
          <package>MicrosoftFlowExtensionsAnchor (1.7.1.1)</package>
        </Required>
        <Dependent type="10" schemaName="rpacat_cloudflowdesktopflow_FlowSession_flowsess" displayName="rpacat_cloudflowdesktopflow_FlowSession_flowsess" parentSchemaName="flowsession" parentDisplayName="Flow Session" />
      </MissingDependency>
      <MissingDependency>
        <Required type="2" schemaName="name" displayName="Name" parentSchemaName="flowsession" parentDisplayName="Flow Session" solution="MicrosoftFlowExtensionsCore (1.7.1.1)">
          <package>MicrosoftFlowExtensionsAnchor (1.7.1.1)</package>
        </Required>
        <Dependent type="10" schemaName="rpacat_cloudflowdesktopflow_FlowSession_flowsess" displayName="rpacat_cloudflowdesktopflow_FlowSession_flowsess" parentSchemaName="flowsession" parentDisplayName="Flow Session" />
      </MissingDependency>
      <MissingDependency>
        <Required type="61" schemaName="msdyn_/Images/AppModule_Default_Icon.png" displayName="msdyn_/Images/AppModule_Default_Icon.png" solution="AppModuleWebResources (2.5)" />
        <Dependent type="80" schemaName="rpacat_CloudFlowAnalysis" displayName="Cloud Flow Analysis" />
      </MissingDependency>
    </MissingDependencies>
  </SolutionManifest>
</ImportExportXml>