{
  "properties": {
    "connectionReferences": {
      "shared_flowmanagement": {
        "runtimeSource": "embedded",
        "connection": {
          "connectionReferenceLogicalName": "new_sharedflowmanagement_ec31c"
        },
        "api": {
          "name": "shared_flowmanagement"
        }
      },
      "shared_commondataserviceforapps": {
        "runtimeSource": "embedded",
        "connection": {
          "connectionReferenceLogicalName": "rpacat_sharedcommondataserviceforapps_29dfd"
        },
        "api": {
          "name": "shared_commondataserviceforapps"
        }
      },
      "shared_commondataserviceforapps_1": {
        "runtimeSource": "embedded",
        "connection": {
          "connectionReferenceLogicalName": "rpacat_sharedcommondataserviceforapps_edc43"
        },
        "api": {
          "name": "shared_commondataserviceforapps"
        }
      }
    },
    "definition": {
      "$schema": "https://schema.management.azure.com/providers/Microsoft.Logic/schemas/2016-06-01/workflowdefinition.json#",
      "contentVersion": "1.0.0.0",
      "parameters": {
        "$connections": {
          "defaultValue": {},
          "type": "Object"
        },
        "$authentication": {
          "defaultValue": {},
          "type": "SecureObject"
        }
      },
      "triggers": {
        "manual": {
          "metadata": {
            "operationMetadataId": "ea49c2c6-d55b-4d9e-980c-c7b0ea9f449a"
          },
          "type": "Request",
          "kind": "PowerAppV2",
          "inputs": {
            "schema": {
              "type": "object",
              "properties": {
                "text": {
                  "title": "EnvironmentID",
                  "type": "string",
                  "x-ms-dynamically-added": true,
                  "description": "Please enter your input",
                  "x-ms-content-hint": "TEXT"
                }
              },
              "required": [
                "text"
              ]
            }
          }
        }
      },
      "actions": {
        "List_Flows_as_Admin_(V2)": {
          "runAfter": {
            "Initialize_First_Owner_Flag": [
              "Succeeded"
            ]
          },
          "metadata": {
            "operationMetadataId": "5375734f-f83e-4625-84d1-3b3836b1ac0d"
          },
          "type": "OpenApiConnection",
          "inputs": {
            "host": {
              "connectionName": "shared_flowmanagement",
              "operationId": "ListFlowsInEnvironment_V2",
              "apiId": "/providers/Microsoft.PowerApps/apis/shared_flowmanagement"
            },
            "parameters": {
              "environmentName": "@triggerBody()['text']",
              "includeSoftDeletedFlows": false
            },
            "authentication": "@parameters('$authentication')"
          }
        },
        "Add_flows_to_table": {
          "foreach": "@outputs('List_Flows_as_Admin_(V2)')?['body/value']",
          "actions": {
            "Check_if_Flow_already_exists": {
              "actions": {
                "Assign_New_Id_to_varFlowDetailId": {
                  "runAfter": {
                    "Create_a_new_Flow_record": [
                      "Succeeded"
                    ]
                  },
                  "metadata": {
                    "operationMetadataId": "5367cc55-80d0-4e01-866a-f1c131292af5"
                  },
                  "type": "SetVariable",
                  "inputs": {
                    "name": "varFlowDetailId",
                    "value": "@outputs('Create_a_new_Flow_record')?['body/rpacat_cloudflowdetailid']"
                  }
                },
                "Create_a_new_Flow_record": {
                  "runAfter": {},
                  "metadata": {
                    "operationMetadataId": "972b8e2d-8d0a-4339-aaad-b04f747b88ea"
                  },
                  "type": "OpenApiConnection",
                  "inputs": {
                    "host": {
                      "connectionName": "shared_commondataserviceforapps",
                      "operationId": "CreateRecordWithOrganization",
                      "apiId": "/providers/Microsoft.PowerApps/apis/shared_commondataserviceforapps"
                    },
                    "parameters": {
                      "organization": "current",
                      "entityName": "rpacat_cloudflowdetails",
                      "item/rpacat_flowid": "@items('Add_flows_to_table')?['name']",
                      "item/rpacat_flowname": "@items('Add_flows_to_table')?['properties/displayName']",
                      "item/cr6b8_environment": "@body('Get_Environment_Properties')?['properties']?['displayName']",
                      "item/statuscode": 1
                    },
                    "authentication": "@parameters('$authentication')"
                  }
                }
              },
              "runAfter": {
                "Reset_Owners": [
                  "Succeeded"
                ]
              },
              "else": {
                "actions": {
                  "Assign_to_varFlowDetailId": {
                    "runAfter": {},
                    "metadata": {
                      "operationMetadataId": "34357669-83aa-4575-b37d-831c9107dfde"
                    },
                    "type": "SetVariable",
                    "inputs": {
                      "name": "varFlowDetailId",
                      "value": "@{first(outputs('Get_Flow_by_Flow_Id')?['body/value'])['rpacat_cloudflowdetailid']}"
                    }
                  },
                  "Update_Flow_Record": {
                    "runAfter": {
                      "Assign_to_varFlowDetailId": [
                        "Succeeded"
                      ]
                    },
                    "metadata": {
                      "operationMetadataId": "18321284-c338-476b-af9d-2360020a279d"
                    },
                    "type": "OpenApiConnection",
                    "inputs": {
                      "host": {
                        "connectionName": "shared_commondataserviceforapps",
                        "operationId": "UpdateRecordWithOrganization",
                        "apiId": "/providers/Microsoft.PowerApps/apis/shared_commondataserviceforapps"
                      },
                      "parameters": {
                        "organization": "current",
                        "entityName": "rpacat_cloudflowdetails",
                        "recordId": "@variables('varFlowDetailId')",
                        "item/rpacat_flowid": "@items('Add_flows_to_table')?['name']",
                        "item/rpacat_flowname": "@items('Add_flows_to_table')?['properties/displayName']",
                        "item/cr6b8_environment": "@body('Get_Environment_Properties')?['properties']?['displayName']",
                        "item/statuscode": 1
                      },
                      "authentication": "@parameters('$authentication')"
                    }
                  }
                }
              },
              "expression": {
                "equals": [
                  "@length(outputs('Get_Flow_by_Flow_Id')?['body/value'])",
                  0
                ]
              },
              "metadata": {
                "operationMetadataId": "32631235-0677-4245-a561-708d9b23dccf"
              },
              "type": "If"
            },
            "Get_Flow_by_Flow_Id": {
              "runAfter": {},
              "metadata": {
                "operationMetadataId": "eaa11872-597f-4437-9b5a-1bd1c34f4819"
              },
              "type": "OpenApiConnection",
              "inputs": {
                "host": {
                  "connectionName": "shared_commondataserviceforapps",
                  "operationId": "ListRecordsWithOrganization",
                  "apiId": "/providers/Microsoft.PowerApps/apis/shared_commondataserviceforapps"
                },
                "parameters": {
                  "organization": "current",
                  "entityName": "rpacat_cloudflowdetails",
                  "$select": "rpacat_cloudflowdetailid, rpacat_flowid",
                  "$filter": "rpacat_flowid eq @{items('Add_flows_to_table')?['name']}",
                  "$top": 1
                },
                "authentication": "@parameters('$authentication')"
              }
            },
            "_Update_Flow_Analytics": {
              "runAfter": {
                "Check_if_flow_is_assigned_per_flow_license": [
                  "Succeeded"
                ]
              },
              "metadata": {
                "operationMetadataId": "9adc8c9c-59fc-431a-99ce-eb3198c45dc8"
              },
              "type": "OpenApiConnection",
              "inputs": {
                "host": {
                  "connectionName": "shared_commondataserviceforapps",
                  "operationId": "UpdateRecordWithOrganization",
                  "apiId": "/providers/Microsoft.PowerApps/apis/shared_commondataserviceforapps"
                },
                "parameters": {
                  "organization": "current",
                  "entityName": "rpacat_cloudflowdetails",
                  "recordId": "@variables('varFlowDetailId')",
                  "item/cr6b8_flowowners": "@outputs('Owner_String')",
                  "item/rpacat_link": "https://make.powerautomate.com/environments/@{triggerBody()['text']}/flows/@{outputs('Get_Flow_as_Admin')?['body/name']}",
                  "item/statuscode": 423330001
                },
                "authentication": "@parameters('$authentication')"
              }
            },
            "Get_Flow_as_Admin": {
              "runAfter": {
                "Check_if_Flow_already_exists": [
                  "Succeeded"
                ]
              },
              "metadata": {
                "operationMetadataId": "250ed41c-18e4-42fb-9707-15acf9159fad"
              },
              "type": "OpenApiConnection",
              "inputs": {
                "host": {
                  "connectionName": "shared_flowmanagement",
                  "operationId": "AdminGetFlow",
                  "apiId": "/providers/Microsoft.PowerApps/apis/shared_flowmanagement"
                },
                "parameters": {
                  "environmentName": "@triggerBody()['text']",
                  "flowName": "@items('Add_flows_to_table')?['name']",
                  "includeFlowDefinition": false
                },
                "authentication": "@parameters('$authentication')"
              }
            },
            "List_Flow_Owners": {
              "runAfter": {
                "Get_Flow_as_Admin": [
                  "Succeeded"
                ]
              },
              "metadata": {
                "operationMetadataId": "b20ce489-4b1b-4ed0-98e2-26cf41a9788e"
              },
              "type": "OpenApiConnection",
              "inputs": {
                "host": {
                  "connectionName": "shared_flowmanagement",
                  "operationId": "ListFlowOwners",
                  "apiId": "/providers/Microsoft.PowerApps/apis/shared_flowmanagement"
                },
                "parameters": {
                  "environmentName": "@triggerBody()['text']",
                  "flowName": "@items('Add_flows_to_table')?['name']"
                },
                "authentication": "@parameters('$authentication')"
              }
            },
            "For_Each_Flow_Owner": {
              "foreach": "@outputs('List_Flow_Owners')?['body/value']",
              "actions": {
                "Check_if_User_or_Group": {
                  "actions": {
                    "List_Owner_Details": {
                      "runAfter": {},
                      "metadata": {
                        "operationMetadataId": "4792182e-11b8-475a-a5fd-2ea951fc353f"
                      },
                      "type": "OpenApiConnection",
                      "inputs": {
                        "host": {
                          "connectionName": "shared_commondataserviceforapps",
                          "operationId": "ListRecordsWithOrganization",
                          "apiId": "/providers/Microsoft.PowerApps/apis/shared_commondataserviceforapps"
                        },
                        "parameters": {
                          "organization": "@body('Get_Environment_Properties')?['properties']?['linkedEnvironmentMetadata']?['instanceUrl']",
                          "entityName": "aadusers",
                          "$select": "displayname",
                          "$filter": "aaduserid eq '@{items('For_Each_Flow_Owner')?['properties/principal/id']}'"
                        },
                        "authentication": "@parameters('$authentication')"
                      }
                    },
                    "Check_if_user_exists": {
                      "actions": {
                        "Get_Owner_Details": {
                          "runAfter": {},
                          "metadata": {
                            "operationMetadataId": "54826593-ad79-4b19-913e-dfea43caa29b"
                          },
                          "type": "OpenApiConnection",
                          "inputs": {
                            "host": {
                              "connectionName": "shared_commondataserviceforapps",
                              "operationId": "GetItemWithOrganization",
                              "apiId": "/providers/Microsoft.PowerApps/apis/shared_commondataserviceforapps"
                            },
                            "parameters": {
                              "organization": "@body('Get_Environment_Properties')?['properties']?['linkedEnvironmentMetadata']?['instanceUrl']",
                              "entityName": "aadusers",
                              "recordId": "@items('For_Each_Flow_Owner')?['properties/principal/id']",
                              "$select": "displayname"
                            },
                            "authentication": "@parameters('$authentication')"
                          }
                        },
                        "Check_if_user_is_already_in_list": {
                          "actions": {
                            "Add_user_to_Owners_": {
                              "runAfter": {},
                              "metadata": {
                                "operationMetadataId": "ceb36e30-53dd-4e55-bcd3-5f70db5eb43a"
                              },
                              "type": "AppendToArrayVariable",
                              "inputs": {
                                "name": "varOwners",
                                "value": "@concat(outputs('Get_Owner_Details')?['body/displayname'],' [U]')"
                              }
                            }
                          },
                          "runAfter": {
                            "Get_Owner_Details": [
                              "Succeeded"
                            ]
                          },
                          "expression": {
                            "not": {
                              "contains": [
                                "@variables('varOwners')",
                                "@concat(outputs('Get_Owner_Details')?['body/displayname'],' [U]')"
                              ]
                            }
                          },
                          "metadata": {
                            "operationMetadataId": "92aae113-7ee0-4346-8214-1e07d7f0bdb6"
                          },
                          "type": "If"
                        },
                        "Check_First_Owner": {
                          "actions": {
                            "Get_User_Record": {
                              "runAfter": {},
                              "metadata": {
                                "operationMetadataId": "78d3c084-73c8-4950-b6da-e463cbeb73c6"
                              },
                              "type": "OpenApiConnection",
                              "inputs": {
                                "host": {
                                  "connectionName": "shared_commondataserviceforapps_1",
                                  "operationId": "ListRecordsWithOrganization",
                                  "apiId": "/providers/Microsoft.PowerApps/apis/shared_commondataserviceforapps"
                                },
                                "parameters": {
                                  "organization": "@body('Get_Environment_Properties')?['properties']?['linkedEnvironmentMetadata']?['instanceUrl']",
                                  "entityName": "systemusers",
                                  "$select": "systemuserid, internalemailaddress, domainname",
                                  "$filter": "azureactivedirectoryobjectid eq '@{items('For_Each_Flow_Owner')?['properties/principal/id']}'"
                                },
                                "authentication": "@parameters('$authentication')"
                              }
                            },
                            "First_Owner_has_been_set": {
                              "runAfter": {
                                "Update_Flow_Owner_when_Found": [
                                  "Succeeded"
                                ]
                              },
                              "metadata": {
                                "operationMetadataId": "c584d6cf-d950-4e6e-b03b-1432b854416c"
                              },
                              "type": "SetVariable",
                              "inputs": {
                                "name": "varFirstOwner",
                                "value": "@false"
                              }
                            },
                            "Update_Flow_Owner_when_Found": {
                              "actions": {
                                "Get_Domain_Name": {
                                  "runAfter": {},
                                  "metadata": {
                                    "operationMetadataId": "7a72c67b-c3c2-457b-97ea-a16ab24ccbe8"
                                  },
                                  "type": "Compose",
                                  "inputs": "@first(outputs('Get_User_Record')?['body/value'])?['domainname']"
                                },
                                "Add_(Main)_Flow_Owner": {
                                  "runAfter": {
                                    "Get_Domain_Name": [
                                      "Succeeded"
                                    ]
                                  },
                                  "metadata": {
                                    "operationMetadataId": "1b647a99-7c18-407b-990a-2c50d3c38877"
                                  },
                                  "type": "OpenApiConnection",
                                  "inputs": {
                                    "host": {
                                      "connectionName": "shared_commondataserviceforapps_1",
                                      "operationId": "UpdateRecordWithOrganization",
                                      "apiId": "/providers/Microsoft.PowerApps/apis/shared_commondataserviceforapps"
                                    },
                                    "parameters": {
                                      "organization": "current",
                                      "entityName": "rpacat_cloudflowdetails",
                                      "recordId": "@variables('varFlowDetailId')",
                                      "item/rpacat_flowowneremail": "@first(outputs('Get_User_Record')?['body/value'])?['internalemailaddress']",
                                      "item/rpacat_flowownerupn": "@substring(outputs('Get_Domain_Name'),0,indexOf(outputs('Get_Domain_Name'),'@'))"
                                    },
                                    "authentication": "@parameters('$authentication')"
                                  }
                                }
                              },
                              "runAfter": {
                                "Get_User_Record": [
                                  "Succeeded"
                                ]
                              },
                              "expression": {
                                "greater": [
                                  "@length(outputs('Get_User_Record')?['body/value'])",
                                  0
                                ]
                              },
                              "metadata": {
                                "operationMetadataId": "957f89f8-d88e-4ee2-b35c-eccdaf7c7ca8"
                              },
                              "type": "If"
                            }
                          },
                          "runAfter": {
                            "Check_if_user_is_already_in_list": [
                              "Succeeded"
                            ]
                          },
                          "expression": {
                            "equals": [
                              "@variables('varFirstOwner')",
                              "@true"
                            ]
                          },
                          "metadata": {
                            "operationMetadataId": "6111e6f2-831c-4926-b61c-a40f30dfc7bc"
                          },
                          "type": "If"
                        }
                      },
                      "runAfter": {
                        "List_Owner_Details": [
                          "Succeeded"
                        ]
                      },
                      "else": {
                        "actions": {
                          "Unknown_user_": {
                            "runAfter": {},
                            "metadata": {
                              "operationMetadataId": "45a0db99-0a06-4b14-9ffc-0e1596ccfd85"
                            },
                            "type": "AppendToArrayVariable",
                            "inputs": {
                              "name": "varOwners",
                              "value": "-- Unknown --"
                            }
                          }
                        }
                      },
                      "expression": {
                        "greaterOrEquals": [
                          "@length(outputs('List_Owner_Details')?['body/value'])",
                          1
                        ]
                      },
                      "metadata": {
                        "operationMetadataId": "dd6f7e7e-6dee-42e3-ab4d-fc3654eda8d8"
                      },
                      "type": "If"
                    }
                  },
                  "runAfter": {},
                  "else": {
                    "actions": {
                      "Get_Group_Name": {
                        "runAfter": {},
                        "metadata": {
                          "operationMetadataId": "30da127b-3617-4ed1-9c38-23e2219a97f4"
                        },
                        "type": "OpenApiConnection",
                        "inputs": {
                          "host": {
                            "connectionName": "shared_commondataserviceforapps",
                            "operationId": "ListRecordsWithOrganization",
                            "apiId": "/providers/Microsoft.PowerApps/apis/shared_commondataserviceforapps"
                          },
                          "parameters": {
                            "organization": "@body('Get_Environment_Properties')?['properties']?['linkedEnvironmentMetadata']?['instanceUrl']",
                            "entityName": "teams",
                            "$select": "name",
                            "$filter": "azureactivedirectoryobjectid eq @{items('For_Each_Flow_Owner')?['properties/principal/id']}",
                            "$top": 1
                          },
                          "authentication": "@parameters('$authentication')"
                        }
                      },
                      "Check_if_group_exists": {
                        "actions": {
                          "Add_Group_to_Owners": {
                            "runAfter": {},
                            "metadata": {
                              "operationMetadataId": "76d15bd8-1d2e-4b5b-83de-71c7a6976ccd"
                            },
                            "type": "AppendToArrayVariable",
                            "inputs": {
                              "name": "varOwners",
                              "value": "@concat(first(outputs('Get_Group_Name')?['body/value'])?['name'],' [G]')"
                            }
                          }
                        },
                        "runAfter": {
                          "Get_Group_Name": [
                            "Succeeded"
                          ]
                        },
                        "expression": {
                          "greaterOrEquals": [
                            "@length(outputs('Get_Group_Name')?['body/value'])",
                            1
                          ]
                        },
                        "metadata": {
                          "operationMetadataId": "5c67f841-ec4a-481e-af99-67022403697e"
                        },
                        "type": "If"
                      }
                    }
                  },
                  "expression": {
                    "equals": [
                      "@items('For_Each_Flow_Owner')?['properties/principal/type']",
                      "User"
                    ]
                  },
                  "metadata": {
                    "operationMetadataId": "649f8999-9f94-47e9-955f-93be8a4a8376"
                  },
                  "type": "If"
                }
              },
              "runAfter": {
                "Reset_First_Owner_Flag": [
                  "Succeeded"
                ]
              },
              "metadata": {
                "operationMetadataId": "42bf547a-bd66-4da9-90b7-c4f23f530f5a"
              },
              "type": "Foreach"
            },
            "Reset_Owners": {
              "runAfter": {
                "Get_Flow_by_Flow_Id": [
                  "Succeeded"
                ]
              },
              "metadata": {
                "operationMetadataId": "a7ac99a4-315d-4731-bfae-ada805805c65"
              },
              "type": "SetVariable",
              "inputs": {
                "name": "varOwners",
                "value": []
              }
            },
            "Owner_String": {
              "runAfter": {
                "For_Each_Flow_Owner": [
                  "Succeeded"
                ]
              },
              "metadata": {
                "operationMetadataId": "7a91701b-aa02-40ee-8536-df93ad52b912"
              },
              "type": "Compose",
              "inputs": "@join(variables('varOwners'),',')"
            },
            "Get_Flow_Runs": {
              "runAfter": {
                "Owner_String": [
                  "Succeeded"
                ]
              },
              "metadata": {
                "operationMetadataId": "eac7954d-b949-46fb-a3c5-39ea700f0cba"
              },
              "type": "Workflow",
              "inputs": {
                "host": {
                  "workflowReferenceName": "f58aa8d8-d97f-ee11-8179-002248359895"
                },
                "body": {
                  "text": "@items('Add_flows_to_table')?['name']",
                  "text_1": "@triggerBody()['text']"
                }
              }
            },
            "Check_if_flow_has_run": {
              "actions": {
                "Parse_Last_Flow_Run_history": {
                  "runAfter": {},
                  "metadata": {
                    "operationMetadataId": "726f01db-c3ed-49c6-b055-8d13eeecca62"
                  },
                  "type": "ParseJson",
                  "inputs": {
                    "content": "@body('Get_Flow_Runs')?['flowrun']",
                    "schema": {
                      "type": "object",
                      "properties": {
                        "name": {
                          "type": "string"
                        },
                        "id": {
                          "type": "string"
                        },
                        "type": {
                          "type": "string"
                        },
                        "properties": {
                          "type": "object",
                          "properties": {
                            "startTime": {
                              "type": "string"
                            },
                            "status": {
                              "type": "string"
                            },
                            "correlation": {
                              "type": "object",
                              "properties": {
                                "clientTrackingId": {
                                  "type": "string"
                                }
                              }
                            },
                            "trigger": {
                              "type": "object",
                              "properties": {
                                "name": {
                                  "type": "string"
                                },
                                "inputsLink": {
                                  "type": "object",
                                  "properties": {
                                    "uri": {
                                      "type": "string"
                                    },
                                    "contentVersion": {
                                      "type": "string"
                                    },
                                    "contentSize": {
                                      "type": "integer"
                                    },
                                    "contentHash": {
                                      "type": "object",
                                      "properties": {
                                        "algorithm": {
                                          "type": "string"
                                        },
                                        "value": {
                                          "type": "string"
                                        }
                                      }
                                    }
                                  }
                                },
                                "outputsLink": {
                                  "type": "object",
                                  "properties": {
                                    "uri": {
                                      "type": "string"
                                    },
                                    "contentVersion": {
                                      "type": "string"
                                    },
                                    "contentSize": {
                                      "type": "integer"
                                    },
                                    "contentHash": {
                                      "type": "object",
                                      "properties": {
                                        "algorithm": {
                                          "type": "string"
                                        },
                                        "value": {
                                          "type": "string"
                                        }
                                      }
                                    }
                                  }
                                },
                                "startTime": {
                                  "type": "string"
                                },
                                "endTime": {
                                  "type": "string"
                                },
                                "originHistoryName": {
                                  "type": "string"
                                },
                                "correlation": {
                                  "type": "object",
                                  "properties": {
                                    "clientTrackingId": {
                                      "type": "string"
                                    }
                                  }
                                },
                                "status": {
                                  "type": "string"
                                }
                              }
                            },
                            "response": {
                              "type": "object",
                              "properties": {
                                "startTime": {
                                  "type": "string"
                                },
                                "endTime": {
                                  "type": "string"
                                },
                                "correlation": {
                                  "type": "object",
                                  "properties": {}
                                },
                                "status": {
                                  "type": "string"
                                }
                              }
                            }
                          }
                        }
                      }
                    }
                  }
                },
                "_Update_Analytics_with_Flow_Run_history": {
                  "runAfter": {
                    "Parse_Last_Flow_Run_history": [
                      "Succeeded"
                    ]
                  },
                  "metadata": {
                    "operationMetadataId": "9adc8c9c-59fc-431a-99ce-eb3198c45dc8"
                  },
                  "type": "OpenApiConnection",
                  "inputs": {
                    "host": {
                      "connectionName": "shared_commondataserviceforapps",
                      "operationId": "UpdateRecordWithOrganization",
                      "apiId": "/providers/Microsoft.PowerApps/apis/shared_commondataserviceforapps"
                    },
                    "parameters": {
                      "organization": "current",
                      "entityName": "rpacat_cloudflowdetails",
                      "recordId": "@variables('varFlowDetailId')",
                      "item/rpacat_lastflowrun": "https://make.powerautomate.com/environments/@{triggerBody()['text']}/flows/@{outputs('Get_Flow_as_Admin')?['body/name']}/runs/@{body('Parse_Last_Flow_Run_history')?['name']}",
                      "item/rpacat_lastrun": "@body('Parse_Last_Flow_Run_history')?['properties']?['startTime']",
                      "item/rpacat_lastrunstatus": "@body('Parse_Last_Flow_Run_history')?['properties']?['status']",
                      "item/statuscode": 1
                    },
                    "authentication": "@parameters('$authentication')"
                  }
                }
              },
              "runAfter": {
                "Get_Flow_Runs": [
                  "Succeeded"
                ]
              },
              "else": {
                "actions": {
                  "Update_Analytics_with_No_Flow_Run": {
                    "runAfter": {},
                    "metadata": {
                      "operationMetadataId": "9adc8c9c-59fc-431a-99ce-eb3198c45dc8"
                    },
                    "type": "OpenApiConnection",
                    "inputs": {
                      "host": {
                        "connectionName": "shared_commondataserviceforapps",
                        "operationId": "UpdateRecordWithOrganization",
                        "apiId": "/providers/Microsoft.PowerApps/apis/shared_commondataserviceforapps"
                      },
                      "parameters": {
                        "organization": "current",
                        "entityName": "rpacat_cloudflowdetails",
                        "recordId": "@variables('varFlowDetailId')",
                        "item/rpacat_lastflowrun": "-- No Run --",
                        "item/rpacat_lastrun": "@null",
                        "item/rpacat_lastrunstatus": "-- No Run --",
                        "item/statuscode": 1
                      },
                      "authentication": "@parameters('$authentication')"
                    }
                  }
                }
              },
              "expression": {
                "greater": [
                  "@body('Get_Flow_Runs')?['flowrun']",
                  "@string('')"
                ]
              },
              "metadata": {
                "operationMetadataId": "b332e215-3bf8-476b-ac72-86f9b8f04426"
              },
              "type": "If"
            },
            "Update_Flow_Analytics_Row": {
              "runAfter": {
                "Check_if_flow_has_run": [
                  "Succeeded"
                ]
              },
              "metadata": {
                "operationMetadataId": "524528d8-fac1-44ea-af38-fa7a01c061da"
              },
              "type": "Compose",
              "inputs": "@concat('{\"cr6b8_environment\":\"',body('Get_Environment_Properties')?['properties']?['displayName'],'\",\"rpacat_flowplan\":423330000,\"cr6b8_flowowners\":\"',outputs('Owner_String'),'\",\"rpacat_link\":\"https://make.powerautomate.com/environments/',triggerBody()['text'],'/flows/',outputs('Get_Flow_as_Admin')?['body/name'],'\",\"statuscode\":423330001}')"
            },
            "Check_if_flow_is_assigned_per_flow_license": {
              "actions": {
                "Update_per_Flow_Row": {
                  "runAfter": {},
                  "metadata": {
                    "operationMetadataId": "9bc4d773-509e-49fa-81c3-cd8e0689a1f3"
                  },
                  "type": "Compose",
                  "inputs": "@concat('{\"rpacat_flowplan\":423330001,\"statuscode\":423330001}')"
                },
                "Update_to_per_flow_license": {
                  "runAfter": {
                    "Update_per_Flow_Row": [
                      "Succeeded"
                    ]
                  },
                  "metadata": {
                    "operationMetadataId": "9adc8c9c-59fc-431a-99ce-eb3198c45dc8"
                  },
                  "type": "OpenApiConnection",
                  "inputs": {
                    "host": {
                      "connectionName": "shared_commondataserviceforapps",
                      "operationId": "UpdateRecordWithOrganization",
                      "apiId": "/providers/Microsoft.PowerApps/apis/shared_commondataserviceforapps"
                    },
                    "parameters": {
                      "organization": "current",
                      "entityName": "rpacat_cloudflowdetails",
                      "recordId": "@variables('varFlowDetailId')",
                      "item/rpacat_flowplan": 423330001
                    },
                    "authentication": "@parameters('$authentication')"
                  }
                }
              },
              "runAfter": {
                "Update_Flow_Analytics_Row": [
                  "Succeeded"
                ]
              },
              "expression": {
                "greater": [
                  "@indexOf(body('Get_Per_Flow_Flow_Names')?['flowplanflownames'],items('Add_flows_to_table')?['name'])",
                  -1
                ]
              },
              "metadata": {
                "operationMetadataId": "4024b3a6-9edf-4d7d-b9a3-34fd92b2990a"
              },
              "type": "If"
            },
            "Reset_First_Owner_Flag": {
              "runAfter": {
                "List_Flow_Owners": [
                  "Succeeded"
                ]
              },
              "metadata": {
                "operationMetadataId": "5396b6b8-d621-41e4-ad06-a006b232d25a"
              },
              "type": "SetVariable",
              "inputs": {
                "name": "varFirstOwner",
                "value": "@true"
              }
            }
          },
          "runAfter": {
            "Get_Per_Flow_Flow_Names": [
              "Succeeded"
            ]
          },
          "metadata": {
            "operationMetadataId": "9fa0be0f-66b6-424c-ad5d-a28171b1001c"
          },
          "type": "Foreach"
        },
        "List_My_Environments": {
          "runAfter": {
            "List_Flows_as_Admin_(V2)": [
              "Succeeded"
            ]
          },
          "metadata": {
            "operationMetadataId": "dc3ceac3-1e23-4e4d-8f6f-f05b7fdc18f1"
          },
          "type": "OpenApiConnection",
          "inputs": {
            "host": {
              "connectionName": "shared_flowmanagement",
              "operationId": "ListUserEnvironments",
              "apiId": "/providers/Microsoft.PowerApps/apis/shared_flowmanagement"
            },
            "parameters": {},
            "authentication": "@parameters('$authentication')"
          }
        },
        "Get_Selected_Environment": {
          "runAfter": {
            "List_My_Environments": [
              "Succeeded"
            ]
          },
          "metadata": {
            "operationMetadataId": "f2c9766e-e40b-4b39-a411-0f1eabf34613"
          },
          "type": "Query",
          "inputs": {
            "from": "@outputs('List_My_Environments')?['body/value']",
            "where": "@equals(item()?['name'], triggerBody()['text'])"
          }
        },
        "Get_Environment_Properties": {
          "runAfter": {
            "Get_Selected_Environment": [
              "Succeeded"
            ]
          },
          "metadata": {
            "operationMetadataId": "f4bfbba0-ee9b-4e9c-895f-b27cad9bf300"
          },
          "type": "ParseJson",
          "inputs": {
            "content": "@first(body('Get_Selected_Environment'))",
            "schema": {
              "type": "object",
              "properties": {
                "name": {
                  "type": "string"
                },
                "location": {
                  "type": "string"
                },
                "type": {
                  "type": "string"
                },
                "id": {
                  "type": "string"
                },
                "properties": {
                  "type": "object",
                  "properties": {
                    "displayName": {
                      "type": "string"
                    },
                    "createdTime": {
                      "type": "string"
                    },
                    "createdBy": {
                      "type": "object",
                      "properties": {
                        "id": {
                          "type": "string"
                        },
                        "displayName": {
                          "type": "string"
                        },
                        "email": {
                          "type": "string"
                        },
                        "type": {
                          "type": "string"
                        },
                        "tenantId": {
                          "type": "string"
                        },
                        "userPrincipalName": {
                          "type": "string"
                        }
                      }
                    },
                    "lastModifiedTime": {
                      "type": "string"
                    },
                    "provisioningState": {
                      "type": "string"
                    },
                    "creationType": {
                      "type": "string"
                    },
                    "environmentSku": {
                      "type": "string"
                    },
                    "environmentType": {
                      "type": "string"
                    },
                    "states": {
                      "type": "object",
                      "properties": {
                        "management": {
                          "type": "object",
                          "properties": {
                            "id": {
                              "type": "string"
                            }
                          }
                        },
                        "runtime": {
                          "type": "object",
                          "properties": {
                            "runtimeReasonCode": {
                              "type": "string"
                            },
                            "requestedBy": {
                              "type": "object",
                              "properties": {
                                "displayName": {
                                  "type": "string"
                                },
                                "type": {
                                  "type": "string"
                                }
                              }
                            },
                            "id": {
                              "type": "string"
                            }
                          }
                        }
                      }
                    },
                    "isDefault": {
                      "type": "boolean"
                    },
                    "isPayAsYouGoEnabled": {
                      "type": "boolean"
                    },
                    "azureRegionHint": {
                      "type": "string"
                    },
                    "runtimeEndpoints": {
                      "type": "object",
                      "properties": {
                        "microsoft.BusinessAppPlatform": {
                          "type": "string"
                        },
                        "microsoft.CommonDataModel": {
                          "type": "string"
                        },
                        "microsoft.PowerApps": {
                          "type": "string"
                        },
                        "microsoft.PowerAppsAdvisor": {
                          "type": "string"
                        },
                        "microsoft.PowerVirtualAgents": {
                          "type": "string"
                        },
                        "microsoft.ApiManagement": {
                          "type": "string"
                        },
                        "microsoft.Flow": {
                          "type": "string"
                        }
                      }
                    },
                    "protectionStatus": {
                      "type": "object",
                      "properties": {
                        "keyManagedBy": {
                          "type": "string"
                        }
                      }
                    },
                    "linkedEnvironmentMetadata": {
                      "type": "object",
                      "properties": {
                        "type": {
                          "type": "string"
                        },
                        "resourceId": {
                          "type": "string"
                        },
                        "friendlyName": {
                          "type": "string"
                        },
                        "uniqueName": {
                          "type": "string"
                        },
                        "domainName": {
                          "type": "string"
                        },
                        "version": {
                          "type": "string"
                        },
                        "instanceUrl": {
                          "type": "string"
                        },
                        "instanceApiUrl": {
                          "type": "string"
                        },
                        "baseLanguage": {
                          "type": "integer"
                        },
                        "instanceState": {
                          "type": "string"
                        },
                        "createdTime": {
                          "type": "string"
                        }
                      }
                    },
                    "environmentFeatures": {
                      "type": "object",
                      "properties": {
                        "isOpenApiEnabled": {
                          "type": "boolean"
                        }
                      }
                    },
                    "cluster": {
                      "type": "object",
                      "properties": {
                        "category": {
                          "type": "string"
                        },
                        "number": {
                          "type": "string"
                        },
                        "uriSuffix": {
                          "type": "string"
                        },
                        "geoShortName": {
                          "type": "string"
                        },
                        "environment": {
                          "type": "string"
                        }
                      }
                    },
                    "governanceConfiguration": {
                      "type": "object",
                      "properties": {
                        "protectionLevel": {
                          "type": "string"
                        },
                        "settings": {
                          "type": "object",
                          "properties": {
                            "extendedSettings": {
                              "type": "object",
                              "properties": {
                                "excludeEnvironmentFromAnalysis": {
                                  "type": "string"
                                },
                                "isGroupSharingDisabled": {
                                  "type": "string"
                                },
                                "maxLimitUserSharing": {
                                  "type": "string"
                                },
                                "includeOnHomepageInsights": {
                                  "type": "string"
                                },
                                "limitSharingMode": {
                                  "type": "string"
                                },
                                "solutionCheckerMode": {
                                  "type": "string"
                                },
                                "suppressValidationEmails": {
                                  "type": "string"
                                },
                                "solutionCheckerRuleOverrides": {
                                  "type": "string"
                                },
                                "makerOnboardingUrl": {
                                  "type": "string"
                                },
                                "makerOnboardingTimestamp": {
                                  "type": "string"
                                },
                                "makerOnboardingMarkdown": {
                                  "type": "string"
                                }
                              }
                            }
                          }
                        }
                      }
                    },
                    "databaseType": {
                      "type": "string"
                    }
                  }
                }
              }
            }
          }
        },
        "Get_Per_Flow_Flow_Names": {
          "runAfter": {
            "For_Each_Existing_Flow": [
              "Succeeded"
            ]
          },
          "metadata": {
            "operationMetadataId": "1dd8328c-d5b5-496c-a74e-c9b6d2019452"
          },
          "type": "Workflow",
          "inputs": {
            "host": {
              "workflowReferenceName": "51503fcd-b07f-ee11-8179-002248359895"
            },
            "body": {
              "text": "@triggerBody()['text']"
            }
          }
        },
        "Initialize_varOwners": {
          "runAfter": {},
          "metadata": {
            "operationMetadataId": "28777cdc-d64b-4c6c-afd2-cacba3394b67"
          },
          "type": "InitializeVariable",
          "inputs": {
            "variables": [
              {
                "name": "varOwners",
                "type": "array"
              }
            ]
          }
        },
        "Get_All_Existing_Flows__": {
          "runAfter": {
            "Get_Environment_Properties": [
              "Succeeded"
            ]
          },
          "metadata": {
            "operationMetadataId": "f8310152-1c6f-4b1e-8c33-882d96016a16"
          },
          "type": "OpenApiConnection",
          "inputs": {
            "host": {
              "connectionName": "shared_commondataserviceforapps",
              "operationId": "ListRecordsWithOrganization",
              "apiId": "/providers/Microsoft.PowerApps/apis/shared_commondataserviceforapps"
            },
            "parameters": {
              "organization": "current",
              "entityName": "rpacat_cloudflowdetails",
              "$select": "rpacat_cloudflowdetailid, statuscode",
              "$filter": "cr6b8_environment eq '@{body('Get_Environment_Properties')?['properties']?['displayName']}'"
            },
            "authentication": "@parameters('$authentication')"
          }
        },
        "For_Each_Existing_Flow": {
          "foreach": "@outputs('Get_All_Existing_Flows__')?['body/value']",
          "actions": {
            "Reset_Status_to_Refreshing_and_Reset_to_Per_User": {
              "runAfter": {},
              "metadata": {
                "operationMetadataId": "dcf01b73-d7d5-4817-9bb3-15a160e39308"
              },
              "type": "OpenApiConnection",
              "inputs": {
                "host": {
                  "connectionName": "shared_commondataserviceforapps",
                  "operationId": "UpdateRecordWithOrganization",
                  "apiId": "/providers/Microsoft.PowerApps/apis/shared_commondataserviceforapps"
                },
                "parameters": {
                  "organization": "current",
                  "entityName": "rpacat_cloudflowdetails",
                  "recordId": "@items('For_Each_Existing_Flow')?['rpacat_cloudflowdetailid']",
                  "item/rpacat_flowplan": 423330000,
                  "item/statuscode": 1
                },
                "authentication": "@parameters('$authentication')"
              }
            }
          },
          "runAfter": {
            "Get_All_Existing_Flows__": [
              "Succeeded"
            ]
          },
          "metadata": {
            "operationMetadataId": "4176ce30-3c73-4b2a-bfa5-8b7ac160f54f"
          },
          "type": "Foreach",
          "runtimeConfiguration": {
            "concurrency": {
              "repetitions": 20
            }
          }
        },
        "Initialize_Flow_Detail_Id": {
          "runAfter": {
            "Initialize_varOwners": [
              "Succeeded"
            ]
          },
          "metadata": {
            "operationMetadataId": "bd6f84e0-e2f9-41a0-8c34-6399fadb355d"
          },
          "type": "InitializeVariable",
          "inputs": {
            "variables": [
              {
                "name": "varFlowDetailId",
                "type": "string",
                "value": "@{string(guid())}"
              }
            ]
          }
        },
        "Get_Desktop_Flows": {
          "runAfter": {
            "Add_flows_to_table": [
              "Succeeded"
            ]
          },
          "metadata": {
            "operationMetadataId": "a0506b5e-14ca-4aca-a7d0-20594f254611"
          },
          "type": "Workflow",
          "inputs": {
            "host": {
              "workflowReferenceName": "ec2d75c8-7f7d-ee11-8179-002248359895"
            },
            "body": {
              "text": "@triggerBody()['text']",
              "text_1": "@body('Get_Environment_Properties')?['properties']?['linkedEnvironmentMetadata']?['instanceUrl']",
              "text_2": "@body('Get_Environment_Properties')?['properties']?['displayName']"
            }
          }
        },
        "Respond_to_a_PowerApp_or_flow": {
          "runAfter": {
            "Get_Desktop_Flows": [
              "Succeeded"
            ]
          },
          "metadata": {
            "operationMetadataId": "6d4c6259-96a8-4111-a3d4-8d37f2180aac"
          },
          "type": "Response",
          "kind": "PowerApp",
          "inputs": {
            "statusCode": 200,
            "body": {},
            "schema": {
              "type": "object",
              "properties": {}
            }
          }
        },
        "Initialize_First_Owner_Flag": {
          "runAfter": {
            "Initialize_Flow_Detail_Id": [
              "Succeeded"
            ]
          },
          "metadata": {
            "operationMetadataId": "4b42d890-9f39-4f4f-9372-848574d257c1"
          },
          "type": "InitializeVariable",
          "inputs": {
            "variables": [
              {
                "name": "varFirstOwner",
                "type": "boolean",
                "value": "@true"
              }
            ]
          }
        }
      }
    },
    "templateName": ""
  },
  "schemaVersion": "1.0.0.0"
}