{
  "properties": {
    "connectionReferences": {
      "shared_commondataserviceforapps": {
        "runtimeSource": "embedded",
        "connection": {
          "connectionReferenceLogicalName": "rpacat_sharedcommondataserviceforapps_edc43"
        },
        "api": {
          "name": "shared_commondataserviceforapps"
        }
      }
    },
    "definition": {
      "$schema": "https://schema.management.azure.com/providers/Microsoft.Logic/schemas/2016-06-01/workflowdefinition.json#",
      "contentVersion": "1.0.0.0",
      "parameters": {
        "$connections": {
          "defaultValue": {},
          "type": "Object"
        },
        "$authentication": {
          "defaultValue": {},
          "type": "SecureObject"
        }
      },
      "triggers": {
        "manual": {
          "metadata": {
            "operationMetadataId": "7272eb08-f157-402c-85cf-8f29c1d04a4d"
          },
          "type": "Request",
          "kind": "Button",
          "inputs": {
            "schema": {
              "type": "object",
              "properties": {},
              "required": []
            }
          }
        }
      },
      "actions": {
        "Get_Environments_to_Refresh": {
          "runAfter": {},
          "metadata": {
            "operationMetadataId": "e18038db-1599-48e7-acc9-7bb23f365727"
          },
          "type": "OpenApiConnection",
          "inputs": {
            "host": {
              "connectionName": "shared_commondataserviceforapps",
              "operationId": "ListRecords",
              "apiId": "/providers/Microsoft.PowerApps/apis/shared_commondataserviceforapps"
            },
            "parameters": {
              "entityName": "rpacat_cloudflowrefreshs",
              "$select": "rpacat_environmentid, rpacat_cloudflowrefreshid",
              "$filter": "statecode eq 0 "
            },
            "authentication": {
              "type": "Raw",
              "value": "@json(decodeBase64(triggerOutputs().headers['X-MS-APIM-Tokens']))['$ConnectionKey']"
            }
          }
        },
        "Apply_to_each": {
          "foreach": "@outputs('Get_Environments_to_Refresh')?['body/value']",
          "actions": {
            "Get_Flows": {
              "runAfter": {},
              "metadata": {
                "operationMetadataId": "e463f2cf-cf56-4d45-a893-d937e1b3b947"
              },
              "type": "Workflow",
              "inputs": {
                "host": {
                  "workflowReferenceName": "e6c105a0-b77f-ee11-8179-002248359895"
                },
                "body": {
                  "text": "@items('Apply_to_each')?['rpacat_environmentid']"
                }
              }
            },
            "Export_Data_and_Send_Mail": {
              "runAfter": {
                "Get_Flows": [
                  "Succeeded"
                ]
              },
              "metadata": {
                "operationMetadataId": "0bd78bdb-9126-4d01-abee-643fb5a7af9b"
              },
              "type": "Workflow",
              "inputs": {
                "host": {
                  "workflowReferenceName": "9c8b754c-96b8-ee11-a569-000d3aa9a4a4"
                },
                "body": {
                  "text": "@items('Apply_to_each')?['rpacat_cloudflowrefreshid']"
                }
              }
            }
          },
          "runAfter": {
            "Get_Environments_to_Refresh": [
              "Succeeded"
            ]
          },
          "metadata": {
            "operationMetadataId": "ea816652-f7b6-47c3-a464-bbd9c40bd9a0"
          },
          "type": "Foreach"
        },
        "Respond_to_a_PowerApp_or_flow": {
          "runAfter": {
            "Apply_to_each": [
              "Succeeded"
            ]
          },
          "metadata": {
            "operationMetadataId": "a573298c-180b-4a28-a6ec-da41d7554da5"
          },
          "type": "Response",
          "kind": "PowerApp",
          "inputs": {
            "statusCode": 200,
            "body": {},
            "schema": {
              "type": "object",
              "properties": {}
            }
          }
        }
      }
    },
    "templateName": ""
  },
  "schemaVersion": "1.0.0.0"
}