<customapirequestparameter uniquename="cat_tablename">
  <description default="When provided audit records will be filtered by table name">
    <label description="When provided audit records will be filtered by table name" languagecode="1033" />
  </description>
  <displayname default="Table Name">
    <label description="Table Name" languagecode="1033" />
  </displayname>
  <iscustomizable>1</iscustomizable>
  <isoptional>1</isoptional>
  <name>cat_tablename</name>
  <type>10</type>
</customapirequestparameter>