{
  "properties": {
    "connectionReferences": {
      "shared_commondataserviceforapps": {
        "runtimeSource": "embedded",
        "connection": {
          "connectionReferenceLogicalName": "rpacat_sharedcommondataserviceforapps_224e0"
        },
        "api": {
          "name": "shared_commondataserviceforapps"
        }
      }
    },
    "definition": {
      "$schema": "https://schema.management.azure.com/providers/Microsoft.Logic/schemas/2016-06-01/workflowdefinition.json#",
      "contentVersion": "1.0.0.0",
      "parameters": {
        "$connections": {
          "defaultValue": {},
          "type": "Object"
        },
        "$authentication": {
          "defaultValue": {},
          "type": "SecureObject"
        }
      },
      "triggers": {
        "manual": {
          "metadata": {
            "operationMetadataId": "b6d94bcf-f974-44fc-b79a-b3057355b793"
          },
          "type": "Request",
          "kind": "PowerAppV2",
          "inputs": {
            "schema": {
              "type": "object",
              "properties": {
                "text": {
                  "description": "Please enter your input",
                  "title": "fromDate",
                  "type": "string",
                  "x-ms-content-hint": "TEXT",
                  "x-ms-dynamically-added": true
                },
                "text_1": {
                  "description": "Please enter your input",
                  "title": "toDate",
                  "type": "string",
                  "x-ms-content-hint": "TEXT",
                  "x-ms-dynamically-added": true
                }
              },
              "required": [
                "text",
                "text_1"
              ]
            }
          }
        }
      },
      "actions": {
        "Get_Solution_History": {
          "runAfter": {
            "endDate": [
              "Succeeded"
            ]
          },
          "metadata": {
            "operationMetadataId": "b1a9abbf-8745-464f-9897-c215c0ae1a2c"
          },
          "type": "OpenApiConnection",
          "inputs": {
            "host": {
              "connectionName": "shared_commondataserviceforapps",
              "operationId": "ListRecords",
              "apiId": "/providers/Microsoft.PowerApps/apis/shared_commondataserviceforapps"
            },
            "parameters": {
              "entityName": "@outputs('SolutionHistoriesTableName')",
              "$select": "msdyn_starttime,msdyn_name,msdyn_solutionversion,msdyn_solutionid,msdyn_publishername,msdyn_operation,msdyn_status",
              "$filter": "msdyn_solutionid ne '00000000-0000-0000-0000-000000000000' and msdyn_solutionversion ne '0.0.0.0' and msdyn_starttime ge '@{outputs('startDate')}'"
            },
            "authentication": "@parameters('$authentication')"
          }
        },
        "SolutionHistoriesTableName": {
          "runAfter": {},
          "metadata": {
            "operationMetadataId": "2df98bc4-5a79-405e-9e5a-571c56f475cf"
          },
          "type": "Compose",
          "inputs": "msdyn_solutionhistories"
        },
        "Respond_to_a_PowerApp_or_flow": {
          "runAfter": {
            "Result": [
              "Succeeded"
            ]
          },
          "metadata": {
            "operationMetadataId": "4a3e702b-dbc9-468c-aa0f-b0d6f6cea012"
          },
          "type": "Response",
          "kind": "PowerApp",
          "inputs": {
            "statusCode": 200,
            "body": {
              "records": "@{outputs('Result')}"
            },
            "schema": {
              "type": "object",
              "properties": {
                "records": {
                  "title": "Records",
                  "x-ms-dynamically-added": true,
                  "type": "string"
                }
              }
            }
          }
        },
        "Result": {
          "runAfter": {
            "Filter_array": [
              "Succeeded"
            ]
          },
          "metadata": {
            "operationMetadataId": "4eb9067f-5c7b-4698-81d4-b7e8486321ee"
          },
          "type": "Compose",
          "inputs": "@body('Filter_array')"
        },
        "Parse_JSON": {
          "runAfter": {
            "Get_Solution_History": [
              "Succeeded"
            ]
          },
          "metadata": {
            "operationMetadataId": "c1d78a59-497f-4586-8e0b-d916fcd23ae2"
          },
          "type": "ParseJson",
          "inputs": {
            "content": "@body('Get_Solution_History')",
            "schema": {
              "type": "object",
              "properties": {
                "@@odata.context": {
                  "type": "string"
                },
                "#Microsoft.Dynamics.CRM.CreateMultiple": {
                  "type": "object",
                  "properties": {
                    "title": {
                      "type": "string"
                    },
                    "target": {
                      "type": "string"
                    }
                  }
                },
                "#Microsoft.Dynamics.CRM.DeleteMultiple": {
                  "type": "object",
                  "properties": {
                    "title": {
                      "type": "string"
                    },
                    "target": {
                      "type": "string"
                    }
                  }
                },
                "#Microsoft.Dynamics.CRM.UpdateMultiple": {
                  "type": "object",
                  "properties": {
                    "title": {
                      "type": "string"
                    },
                    "target": {
                      "type": "string"
                    }
                  }
                },
                "#Microsoft.Dynamics.CRM.UpsertMultiple": {
                  "type": "object",
                  "properties": {
                    "title": {
                      "type": "string"
                    },
                    "target": {
                      "type": "string"
                    }
                  }
                },
                "@@Microsoft.Dynamics.CRM.totalrecordcount": {
                  "type": "integer"
                },
                "@@Microsoft.Dynamics.CRM.totalrecordcountlimitexceeded": {
                  "type": "boolean"
                },
                "@@Microsoft.Dynamics.CRM.globalmetadataversion": {
                  "type": "string"
                },
                "value": {
                  "type": "array",
                  "items": {
                    "type": "object",
                    "properties": {
                      "@@odata.type": {
                        "type": "string"
                      },
                      "@@odata.id": {
                        "type": "string"
                      },
                      "@@odata.editLink": {
                        "type": "string"
                      },
                      "msdyn_starttime@OData.Community.Display.V1.FormattedValue": {
                        "type": "string"
                      },
                      "msdyn_starttime@odata.type": {
                        "type": "string"
                      },
                      "msdyn_starttime": {
                        "type": "string"
                      },
                      "msdyn_name": {
                        "type": "string"
                      },
                      "msdyn_solutionversion": {
                        "type": "string"
                      },
                      "msdyn_solutionid": {
                        "type": "string"
                      },
                      "msdyn_publishername": {
                        "type": "string"
                      },
                      "msdyn_solutionhistoryid@odata.type": {
                        "type": "string"
                      },
                      "msdyn_solutionhistoryid": {
                        "type": "string"
                      },
                      "msdyn_activityid": {
                        "type": "string"
                      },
                      "msdyn_correlationid": {
                        "type": "string"
                      },
                      "msdyn_endtime@OData.Community.Display.V1.FormattedValue": {
                        "type": "string"
                      },
                      "msdyn_endtime@odata.type": {
                        "type": "string"
                      },
                      "msdyn_endtime": {
                        "type": "string"
                      },
                      "msdyn_errorcode": {
                        "type": "string"
                      },
                      "msdyn_exceptionmessage": {
                        "type": "string"
                      },
                      "msdyn_exceptionstack": {
                        "type": "string"
                      },
                      "msdyn_ismanaged@OData.Community.Display.V1.FormattedValue": {
                        "type": "string"
                      },
                      "msdyn_ismanaged": {
                        "type": "boolean"
                      },
                      "msdyn_isoverwritecustomizations@OData.Community.Display.V1.FormattedValue": {
                        "type": "string"
                      },
                      "msdyn_isoverwritecustomizations": {
                        "type": "boolean"
                      },
                      "msdyn_ispatch@OData.Community.Display.V1.FormattedValue": {
                        "type": "string"
                      },
                      "msdyn_ispatch": {
                        "type": "boolean"
                      },
                      "msdyn_operation@OData.Community.Display.V1.FormattedValue": {
                        "type": "string"
                      },
                      "msdyn_operation": {
                        "type": "integer"
                      },
                      "msdyn_packagename": {
                        "type": "string"
                      },
                      "msdyn_status@OData.Community.Display.V1.FormattedValue": {
                        "type": "string"
                      },
                      "msdyn_status": {
                        "type": "integer"
                      },
                      "msdyn_suboperation@OData.Community.Display.V1.FormattedValue": {
                        "type": "string"
                      },
                      "msdyn_suboperation": {
                        "type": "integer"
                      },
                      "msdyn_result@OData.Community.Display.V1.FormattedValue": {
                        "type": "string"
                      },
                      "msdyn_result": {
                        "type": "boolean"
                      },
                      "msdyn_totaltime@OData.Community.Display.V1.FormattedValue": {
                        "type": "string"
                      },
                      "msdyn_totaltime": {
                        "type": "integer"
                      }
                    },
                    "required": [
                      "@@odata.type",
                      "@@odata.id",
                      "@@odata.editLink",
                      "msdyn_starttime@OData.Community.Display.V1.FormattedValue",
                      "msdyn_starttime@odata.type",
                      "msdyn_starttime",
                      "msdyn_name",
                      "msdyn_solutionversion",
                      "msdyn_solutionid",
                      "msdyn_publishername",
                      "msdyn_solutionhistoryid@odata.type",
                      "msdyn_solutionhistoryid",
                      "msdyn_activityid",
                      "msdyn_correlationid",
                      "msdyn_endtime@OData.Community.Display.V1.FormattedValue",
                      "msdyn_endtime@odata.type",
                      "msdyn_endtime",
                      "msdyn_errorcode",
                      "msdyn_exceptionmessage",
                      "msdyn_exceptionstack",
                      "msdyn_ismanaged@OData.Community.Display.V1.FormattedValue",
                      "msdyn_ismanaged",
                      "msdyn_isoverwritecustomizations@OData.Community.Display.V1.FormattedValue",
                      "msdyn_isoverwritecustomizations",
                      "msdyn_ispatch@OData.Community.Display.V1.FormattedValue",
                      "msdyn_ispatch",
                      "msdyn_operation@OData.Community.Display.V1.FormattedValue",
                      "msdyn_operation",
                      "msdyn_packagename",
                      "msdyn_status@OData.Community.Display.V1.FormattedValue",
                      "msdyn_status",
                      "msdyn_suboperation@OData.Community.Display.V1.FormattedValue",
                      "msdyn_suboperation",
                      "msdyn_result@OData.Community.Display.V1.FormattedValue",
                      "msdyn_result",
                      "msdyn_totaltime@OData.Community.Display.V1.FormattedValue",
                      "msdyn_totaltime"
                    ]
                  }
                }
              }
            }
          }
        },
        "startDate": {
          "runAfter": {
            "SolutionHistoriesTableName": [
              "Succeeded"
            ]
          },
          "metadata": {
            "operationMetadataId": "af6cb3a2-3d15-44ca-b557-071ae72c2924"
          },
          "type": "Compose",
          "inputs": "@formatDateTime(triggerBody()['text'],'s')"
        },
        "endDate": {
          "runAfter": {
            "startDate": [
              "Succeeded"
            ]
          },
          "metadata": {
            "operationMetadataId": "b96b2c6f-c109-45c8-bfde-0403825910db"
          },
          "type": "Compose",
          "inputs": "@formatDateTime(triggerBody()['text_1'],'s')"
        },
        "Filter_array": {
          "runAfter": {
            "Parse_JSON": [
              "Succeeded"
            ]
          },
          "metadata": {
            "operationMetadataId": "b7579a8b-f32d-4eb0-9edf-d42054a8683f"
          },
          "type": "Query",
          "inputs": {
            "from": "@body('Parse_JSON')?['value']",
            "where": "@lessOrEquals(item()?['msdyn_starttime'], outputs('endDate'))"
          }
        }
      }
    },
    "templateName": ""
  },
  "schemaVersion": "1.0.0.0"
}