{
  "properties": {
    "connectionReferences": {
      "shared_commondataserviceforapps": {
        "runtimeSource": "embedded",
        "connection": {
          "connectionReferenceLogicalName": "rpacat_sharedcommondataserviceforapps_edc43"
        },
        "api": {
          "name": "shared_commondataserviceforapps"
        }
      },
      "shared_office365-2": {
        "runtimeSource": "embedded",
        "connection": {
          "connectionReferenceLogicalName": "rpacat_sharedoffice365_9af74"
        },
        "api": {
          "name": "shared_office365"
        }
      }
    },
    "definition": {
      "$schema": "https://schema.management.azure.com/providers/Microsoft.Logic/schemas/2016-06-01/workflowdefinition.json#",
      "contentVersion": "1.0.0.0",
      "parameters": {
        "$authentication": {
          "defaultValue": {},
          "type": "SecureObject"
        },
        "$connections": {
          "defaultValue": {},
          "type": "Object"
        }
      },
      "triggers": {
        "manual": {
          "metadata": {
            "operationMetadataId": "0ca9b3ec-edcc-455b-bce5-8384cb1e02d9"
          },
          "type": "Request",
          "kind": "Button",
          "inputs": {
            "schema": {
              "type": "object",
              "properties": {
                "text": {
                  "title": "CloudFlowRefreshId",
                  "type": "string",
                  "x-ms-dynamically-added": true,
                  "description": "Please enter your input",
                  "x-ms-content-hint": "TEXT"
                }
              },
              "required": [
                "text"
              ]
            }
          }
        }
      },
      "actions": {
        "Get_Environment_Name_and_Recipients": {
          "runAfter": {},
          "metadata": {
            "operationMetadataId": "8c105e62-cdc2-4dc1-8c6f-9f96506c71f8"
          },
          "type": "OpenApiConnection",
          "inputs": {
            "parameters": {
              "entityName": "rpacat_cloudflowrefreshs",
              "recordId": "@triggerBody()['text']",
              "$select": "rpacat_environmentname, rpacat_recipients"
            },
            "host": {
              "apiId": "/providers/Microsoft.PowerApps/apis/shared_commondataserviceforapps",
              "operationId": "GetItem",
              "connectionName": "shared_commondataserviceforapps"
            }
          }
        },
        "Get_Records_to_Export": {
          "runAfter": {
            "Get_Environment_Name_and_Recipients": [
              "Succeeded"
            ]
          },
          "metadata": {
            "operationMetadataId": "87a2b12c-10f9-41ba-8ee3-1b8db49208bb"
          },
          "type": "OpenApiConnection",
          "inputs": {
            "parameters": {
              "entityName": "rpacat_cloudflowdetails",
              "$filter": "cr6b8_environment eq '@{outputs('Get_Environment_Name_and_Recipients')?['body/rpacat_environmentname']}'"
            },
            "host": {
              "apiId": "/providers/Microsoft.PowerApps/apis/shared_commondataserviceforapps",
              "operationId": "ListRecords",
              "connectionName": "shared_commondataserviceforapps"
            }
          }
        },
        "Create_CSV_table": {
          "runAfter": {
            "Get_Records_to_Export": [
              "Succeeded"
            ]
          },
          "metadata": {
            "operationMetadataId": "c7c96924-1cc7-4e22-9ffd-51379996a64d"
          },
          "type": "Table",
          "inputs": {
            "from": "@outputs('Get_Records_to_Export')?['body/value']",
            "format": "CSV",
            "columns": [
              {
                "header": "Environment",
                "value": "@{item()?['cr6b8_environment']}"
              },
              {
                "header": "Flow Name",
                "value": "@{item()?['rpacat_flowname']}"
              },
              {
                "header": "Last Run",
                "value": "@{item()?['rpacat_lastflowrun']}"
              },
              {
                "header": "Last Run Status",
                "value": "@{item()?['rpacat_lastrunstatus']}"
              },
              {
                "header": "Link",
                "value": "@{item()?['rpacat_link']}"
              },
              {
                "header": "Flow Id",
                "value": "@{item()?['rpacat_flowid']}"
              },
              {
                "header": "Flow Type",
                "value": "@{item()?['rpacat_flowplan@OData.Community.Display.V1.FormattedValue']}"
              },
              {
                "header": "Flow Owner",
                "value": "@{item()?['rpacat_flowowneremail']}"
              },
              {
                "header": "Flow Owners ",
                "value": "@{item()?['cr6b8_flowowners']}"
              }
            ]
          }
        },
        "Upload_export_file": {
          "runAfter": {
            "Create_CSV_table": [
              "Succeeded"
            ]
          },
          "metadata": {
            "operationMetadataId": "940948f8-f484-4a27-80a4-2891e3e3c45a"
          },
          "type": "OpenApiConnection",
          "inputs": {
            "parameters": {
              "x-ms-file-name": "export.csv",
              "entityName": "rpacat_cloudflowrefreshs",
              "recordId": "@triggerBody()['text']",
              "fileImageFieldName": "rpacat_export",
              "item": "@body('Create_CSV_table')"
            },
            "host": {
              "apiId": "/providers/Microsoft.PowerApps/apis/shared_commondataserviceforapps",
              "operationId": "UpdateEntityFileImageFieldContent",
              "connectionName": "shared_commondataserviceforapps"
            }
          }
        },
        "Send_the_export": {
          "runAfter": {
            "Upload_export_file": [
              "Succeeded"
            ]
          },
          "metadata": {
            "operationMetadataId": "ae4443e2-f96f-471a-af1a-04488ee6c2b9"
          },
          "type": "OpenApiConnection",
          "inputs": {
            "parameters": {
              "emailMessage/To": "@outputs('Get_Environment_Name_and_Recipients')?['body/rpacat_recipients']",
              "emailMessage/Subject": "Export Cloud Flow Data",
              "emailMessage/Body": "<p>See attachment for export.</p>",
              "emailMessage/Attachments": [
                {
                  "Name": "export_@{outputs('Get_Environment_Name_and_Recipients')?['body/rpacat_environmentname']}.csv",
                  "ContentBytes": "@body('Create_CSV_table')"
                }
              ],
              "emailMessage/Importance": "Normal"
            },
            "host": {
              "apiId": "/providers/Microsoft.PowerApps/apis/shared_office365",
              "operationId": "SendEmailV2",
              "connectionName": "shared_office365-2"
            }
          }
        },
        "Respond_to_a_PowerApp_or_flow": {
          "runAfter": {
            "Send_the_export": [
              "Succeeded"
            ]
          },
          "type": "Response",
          "kind": "PowerApp",
          "inputs": {
            "schema": {
              "type": "object",
              "properties": {},
              "additionalProperties": {}
            },
            "statusCode": 200
          }
        }
      }
    },
    "templateName": null
  },
  "schemaVersion": "1.0.0.0"
}