<ImportExportXml xmlns:xsi="http://www.w3.org/2001/XMLSchema-instance">
  <Entities></Entities>
  <Roles></Roles>
  <Workflows>
    <Workflow WorkflowId="{8e030f78-313e-ef11-a316-002248747edd}" Name="Cloud Flows Export CSV">
      <JsonFileName>/Workflows/CloudFlowsExportCSV-8E030F78-313E-EF11-A316-002248747EDD.json</JsonFileName>
      <Type>1</Type>
      <Subprocess>0</Subprocess>
      <Category>5</Category>
      <Mode>0</Mode>
      <Scope>4</Scope>
      <OnDemand>0</OnDemand>
      <TriggerOnCreate>0</TriggerOnCreate>
      <TriggerOnDelete>0</TriggerOnDelete>
      <AsyncAutodelete>0</AsyncAutodelete>
      <SyncWorkflowLogOnFailure>0</SyncWorkflowLogOnFailure>
      <StateCode>1</StateCode>
      <StatusCode>2</StatusCode>
      <RunAs>1</RunAs>
      <IsTransacted>1</IsTransacted>
      <IntroducedVersion>1.0.0.0</IntroducedVersion>
      <IsCustomizable>1</IsCustomizable>
      <BusinessProcessType>0</BusinessProcessType>
      <IsCustomProcessingStepAllowedForOtherPublishers>1</IsCustomProcessingStepAllowedForOtherPublishers>
      <PrimaryEntity>none</PrimaryEntity>
      <LocalizedNames>
        <LocalizedName languagecode="1033" description="Cloud Flows Export CSV" />
      </LocalizedNames>
    </Workflow>
  </Workflows>
  <FieldSecurityProfiles></FieldSecurityProfiles>
  <Templates />
  <EntityMaps />
  <EntityRelationships />
  <OrganizationSettings />
  <optionsets />
  <CustomControls />
  <EntityDataProviders />
  <CanvasApps>
    <CanvasApp>
      <Name>rpacat_cloudflowsanalysis_51e5c</Name>
      <AppVersion>2024-07-09T20:34:42Z</AppVersion>
      <Status>Ready</Status>
      <CreatedByClientVersion>3.24064.21.0</CreatedByClientVersion>
      <MinClientVersion>3.24064.21.0</MinClientVersion>
      <Tags>{"primaryDeviceWidth":"1366","primaryDeviceHeight":"768","supportsPortrait":"true","supportsLandscape":"true","primaryFormFactor":"Tablet","showStatusBar":"false","publisherVersion":"3.24064.21","minimumRequiredApiVersion":"2.2.0","hasComponent":"false","hasUnlockedComponent":"false","isUnifiedRootApp":"false","sienaVersion":"20240707T205014Z-3.24063.22.0"}</Tags>
      <IsCdsUpgraded>0</IsCdsUpgraded>
      <GalleryItemId xsi:nil="true"></GalleryItemId>
      <BackgroundColor>RGBA(0,176,240,1)</BackgroundColor>
      <DisplayName>Cloud Flows Analysis</DisplayName>
      <Description xsi:nil="true"></Description>
      <CommitMessage xsi:nil="true"></CommitMessage>
      <Publisher xsi:nil="true"></Publisher>
      <AuthorizationReferences>[]</AuthorizationReferences>
      <ConnectionReferences>{"899f576c-6a82-4523-b368-235b0e505ecc":{"id":"/providers/microsoft.powerapps/apis/shared_webcontents","displayName":"HTTP with Microsoft Entra ID (preauthorized)","iconUri":"https://connectoricons-prod.azureedge.net/releases/v1.0.1694/1.0.1694.3752/webcontents/icon.png","dataSources":["FlowsAPI"],"dependencies":[],"dependents":[],"parameterHints":{},"parameterHintsV2":{},"isOnPremiseConnection":false,"bypassConsent":false,"dataSets":{},"apiTier":"Premium","actions":["InvokeHttp"]},"a1082855-56c4-405c-9c73-8bb045a830c9":{"id":"/providers/microsoft.powerapps/apis/shared_flowmanagement","displayName":"Power Automate Management","iconUri":"https://connectoricons-prod.azureedge.net/releases/v1.0.1701/1.0.1701.3808/flowmanagement/icon.png","dataSources":["FlowsMngt"],"dependencies":[],"dependents":[],"parameterHints":{},"parameterHintsV2":{},"isOnPremiseConnection":false,"bypassConsent":false,"dataSets":{},"apiTier":"Standard","actions":["ListUserEnvironments","ListFlowsInEnvironment_V2","ListFlowOwners"],"authenticationType":"firstParty"},"20a36ac2-4530-496b-b462-242ec10c31a6":{"id":"/providers/microsoft.powerapps/apis/shared_logicflows","displayName":"Logic flows","iconUri":"https://connectoricons-prod.azureedge.net/releases/v1.0.1697/1.0.1697.3780/logicflows/icon.png","dataSources":["CloudFlowsExportCSV"],"dependencies":["1acd3330-8615-4d23-90a3-22c7860a58a6"],"dependents":[],"parameterHints":{"workflowName":{"value":"bec30ad9-417a-4bd9-a86b-3918d6aca82a"},"workflowEntityId":{"value":"8e030f78-313e-ef11-a316-002248747edd"},"workflowDisplayName":{"value":"Cloud Flows Export CSV"},"1acd3330-8615-4d23-90a3-22c7860a58a6":{"value":"shared_onedriveforbusiness"}},"parameterHintsV2":{"workflowName":{"value":"bec30ad9-417a-4bd9-a86b-3918d6aca82a"},"workflowEntityId":{"value":"8e030f78-313e-ef11-a316-002248747edd"},"workflowDisplayName":{"value":"Cloud Flows Export CSV"},"shared_onedriveforbusiness":{"value":"1acd3330-8615-4d23-90a3-22c7860a58a6"}},"isOnPremiseConnection":false,"bypassConsent":false,"dataSets":{},"apiTier":"Standard","actions":["Run"]},"1acd3330-8615-4d23-90a3-22c7860a58a6":{"id":"/providers/microsoft.powerapps/apis/shared_onedriveforbusiness","displayName":"OneDrive for Business","iconUri":"https://connectoricons-prod.azureedge.net/releases/v1.0.1689/1.0.1689.3722/onedriveforbusiness/icon.png","dataSources":[],"dependencies":[],"dependents":["20a36ac2-4530-496b-b462-242ec10c31a6"],"parameterHints":{},"parameterHintsV2":{},"isOnPremiseConnection":false,"bypassConsent":false,"dataSets":{},"apiTier":"Standard"}}</ConnectionReferences>
      <DatabaseReferences>{"default.cds":{"databaseDetails":{"referenceType":"Environmental","environmentName":"default.cds","overrideValues":{"status":"NotSpecified","environmentVariableName":""}},"dataSources":{"Microsoft Entra IDs":{"entitySetName":"aadusers","logicalName":"aaduser"},"Users":{"entitySetName":"systemusers","logicalName":"systemuser"}}}}</DatabaseReferences>
      <AppComponents>[]</AppComponents>
      <AppComponentDependencies>[]</AppComponentDependencies>
      <CanConsumeAppPass>0</CanConsumeAppPass>
      <CanvasAppType>0</CanvasAppType>
      <BypassConsent>0</BypassConsent>
      <AdminControlBypassConsent>0</AdminControlBypassConsent>
      <EmbeddedApp xsi:nil="true"></EmbeddedApp>
      <IntroducedVersion>1.0</IntroducedVersion>
      <CdsDependencies>{"cdsdependencies":[{"dependencyid":"8e030f78-313e-ef11-a316-002248747edd","componenttype":29,"componenttypeplatformname":"Workflow"},{"logicalname":"aaduser","componenttype":1},{"logicalname":"systemuser","componenttype":1}]}</CdsDependencies>
      <IsCustomizable>1</IsCustomizable>
      <BackgroundImageUri>/CanvasApps/rpacat_cloudflowsanalysis_51e5c_BackgroundImageUri</BackgroundImageUri>
      <DocumentUri>/CanvasApps/rpacat_cloudflowsanalysis_51e5c_DocumentUri.msapp</DocumentUri>
      <AdditionalUris>
        <AdditionalUri>/CanvasApps/rpacat_cloudflowsanalysis_51e5c_AdditionalUris0_identity.json</AdditionalUri>
      </AdditionalUris>
    </CanvasApp>
  </CanvasApps>
  <connectionreferences>
    <connectionreference connectionreferencelogicalname="new_sharedonedriveforbusiness_039f7">
      <connectionreferencedisplayname>OneDrive for Business Default-039f7</connectionreferencedisplayname>
      <connectorid>/providers/Microsoft.PowerApps/apis/shared_onedriveforbusiness</connectorid>
      <iscustomizable>1</iscustomizable>
      <promptingbehavior>0</promptingbehavior>
      <statecode>0</statecode>
      <statuscode>1</statuscode>
    </connectionreference>
  </connectionreferences>
  <Languages>
    <Language>1033</Language>
  </Languages>
</ImportExportXml>