<ImportExportXml version="9.2.24034.300" SolutionPackageVersion="9.2" languagecode="1033" generatedBy="CrmLive" xmlns:xsi="http://www.w3.org/2001/XMLSchema-instance">
  <SolutionManifest>
    <UniqueName>CredentialVault</UniqueName>
    <LocalizedNames>
      <LocalizedName description="Locker Management" languagecode="1033" />
    </LocalizedNames>
    <Descriptions />
    <Version>1.0.0.28</Version>
    <Managed>0</Managed>
    <Publisher>
      <UniqueName>RPACAT</UniqueName>
      <LocalizedNames>
        <LocalizedName description="RPACAT" languagecode="1033" />
      </LocalizedNames>
      <Descriptions />
      <EMailAddress xsi:nil="true"></EMailAddress>
      <SupportingWebsiteUrl xsi:nil="true"></SupportingWebsiteUrl>
      <CustomizationPrefix>rpacat</CustomizationPrefix>
      <CustomizationOptionValuePrefix>42333</CustomizationOptionValuePrefix>
      <Addresses>
        <Address>
          <AddressNumber>1</AddressNumber>
          <AddressTypeCode>1</AddressTypeCode>
          <City xsi:nil="true"></City>
          <County xsi:nil="true"></County>
          <Country xsi:nil="true"></Country>
          <Fax xsi:nil="true"></Fax>
          <FreightTermsCode xsi:nil="true"></FreightTermsCode>
          <ImportSequenceNumber xsi:nil="true"></ImportSequenceNumber>
          <Latitude xsi:nil="true"></Latitude>
          <Line1 xsi:nil="true"></Line1>
          <Line2 xsi:nil="true"></Line2>
          <Line3 xsi:nil="true"></Line3>
          <Longitude xsi:nil="true"></Longitude>
          <Name xsi:nil="true"></Name>
          <PostalCode xsi:nil="true"></PostalCode>
          <PostOfficeBox xsi:nil="true"></PostOfficeBox>
          <PrimaryContactName xsi:nil="true"></PrimaryContactName>
          <ShippingMethodCode>1</ShippingMethodCode>
          <StateOrProvince xsi:nil="true"></StateOrProvince>
          <Telephone1 xsi:nil="true"></Telephone1>
          <Telephone2 xsi:nil="true"></Telephone2>
          <Telephone3 xsi:nil="true"></Telephone3>
          <TimeZoneRuleVersionNumber xsi:nil="true"></TimeZoneRuleVersionNumber>
          <UPSZone xsi:nil="true"></UPSZone>
          <UTCOffset xsi:nil="true"></UTCOffset>
          <UTCConversionTimeZoneCode xsi:nil="true"></UTCConversionTimeZoneCode>
        </Address>
        <Address>
          <AddressNumber>2</AddressNumber>
          <AddressTypeCode>1</AddressTypeCode>
          <City xsi:nil="true"></City>
          <County xsi:nil="true"></County>
          <Country xsi:nil="true"></Country>
          <Fax xsi:nil="true"></Fax>
          <FreightTermsCode xsi:nil="true"></FreightTermsCode>
          <ImportSequenceNumber xsi:nil="true"></ImportSequenceNumber>
          <Latitude xsi:nil="true"></Latitude>
          <Line1 xsi:nil="true"></Line1>
          <Line2 xsi:nil="true"></Line2>
          <Line3 xsi:nil="true"></Line3>
          <Longitude xsi:nil="true"></Longitude>
          <Name xsi:nil="true"></Name>
          <PostalCode xsi:nil="true"></PostalCode>
          <PostOfficeBox xsi:nil="true"></PostOfficeBox>
          <PrimaryContactName xsi:nil="true"></PrimaryContactName>
          <ShippingMethodCode>1</ShippingMethodCode>
          <StateOrProvince xsi:nil="true"></StateOrProvince>
          <Telephone1 xsi:nil="true"></Telephone1>
          <Telephone2 xsi:nil="true"></Telephone2>
          <Telephone3 xsi:nil="true"></Telephone3>
          <TimeZoneRuleVersionNumber xsi:nil="true"></TimeZoneRuleVersionNumber>
          <UPSZone xsi:nil="true"></UPSZone>
          <UTCOffset xsi:nil="true"></UTCOffset>
          <UTCConversionTimeZoneCode xsi:nil="true"></UTCConversionTimeZoneCode>
        </Address>
      </Addresses>
    </Publisher>
    <RootComponents>
      <RootComponent type="1" schemaName="rpacat_desktopflowconnection" behavior="0" />
      <RootComponent type="1" schemaName="rpacat_keyvault" behavior="0" />
      <RootComponent type="1" schemaName="rpacat_lockeraccesslog" behavior="0" />
      <RootComponent type="1" schemaName="rpacat_lockerenvironment" behavior="0" />
      <RootComponent type="1" schemaName="rpacat_secret" behavior="0" />
      <RootComponent type="1" schemaName="rpacat_secretversion" behavior="0" />
      <RootComponent type="20" id="{715b1076-4bb2-ee11-a569-000d3aa9a4a4}" behavior="0" />
      <RootComponent type="20" id="{bde98383-a504-ef11-9f89-6045bd030eee}" behavior="0" />
      <RootComponent type="20" id="{e0f884c5-84fe-ee11-a1fe-000d3a5c9656}" behavior="0" />
      <RootComponent type="20" id="{f736f119-4cb2-ee11-a569-000d3aa9a4a4}" behavior="0" />
      <RootComponent type="29" id="{2ddc4953-94b1-ee11-a569-000d3aa9a4a4}" behavior="0" />
      <RootComponent type="29" id="{4eb4519f-94b1-ee11-a569-000d3aa9a4a4}" behavior="0" />
      <RootComponent type="29" id="{506fcc89-13c2-ee11-9079-000d3a5d507c}" behavior="0" />
      <RootComponent type="29" id="{babc47c5-10c2-ee11-9079-000d3a5d507c}" behavior="0" />
      <RootComponent type="29" id="{bc2e20d8-99dc-ee11-904c-000d3a372f57}" behavior="0" />
      <RootComponent type="29" id="{bc6d057d-795f-46ff-847f-39da8e1c4009}" behavior="0" />
      <RootComponent type="29" id="{edf5cdcf-10c2-ee11-9079-000d3a5d507c}" behavior="0" />
      <RootComponent type="61" schemaName="cr8a0_EnableSecretValue" behavior="0" />
      <RootComponent type="62" schemaName="rpacat_KeyVaultAdministrator" behavior="0" />
      <RootComponent type="66" schemaName="rpacat_BeverControls.PasswordField" behavior="0" />
      <RootComponent type="70" id="{ae708a27-96b1-ee11-a569-000d3aa9a4a4}" behavior="0" />
      <RootComponent type="80" schemaName="rpacat_KeyVaultAdministrator" behavior="0" />
      <RootComponent type="91" id="{be99069b-38f7-ee11-a1fe-000d3a315d87}" schemaName="LockersPlugins, Version=0.1.0.1, Culture=neutral, PublicKeyToken=null" behavior="0" />
      <RootComponent type="92" id="{1588700a-9508-ef11-9f89-6045bd030eee}" behavior="0" />
      <RootComponent type="92" id="{4a8cb0f1-efda-ee11-904c-000d3a372f57}" behavior="0" />
      <RootComponent type="92" id="{64725b21-fcda-ee11-904c-000d3a372f57}" behavior="0" />
      <RootComponent type="92" id="{6d5bd7b2-80fe-ee11-a1fe-000d3a5c9656}" behavior="0" />
      <RootComponent type="92" id="{89474337-a1dc-ee11-904c-000d3a372f57}" behavior="0" />
      <RootComponent type="92" id="{925b59f7-9f05-ef11-9f89-6045bd030eee}" behavior="0" />
      <RootComponent type="92" id="{acc7d3c3-0604-ef11-9f89-6045bd030eee}" behavior="0" />
      <RootComponent type="92" id="{ce9cc4fb-9905-ef11-9f89-6045bd030eee}" behavior="0" />
      <RootComponent type="92" id="{d5e0b0d5-0604-ef11-9f89-6045bd030eee}" behavior="0" />
      <RootComponent type="92" id="{ddb9fa0e-9208-ef11-9f89-6045bd030eee}" behavior="0" />
      <RootComponent type="92" id="{ec558866-5dfe-ee11-a1fe-000d3a5c9656}" behavior="0" />
      <RootComponent type="92" id="{fd8ffffa-fcda-ee11-904c-000d3a372f57}" behavior="0" />
      <RootComponent type="300" schemaName="rpacat_keyvaultadministratordefaultcommandlibrary_be299" behavior="0" />
    </RootComponents>
    <MissingDependencies>
      <MissingDependency>
        <Required type="61" schemaName="msdyn_/Images/AppModule_Default_Icon.png" displayName="msdyn_/Images/AppModule_Default_Icon.png" solution="AppModuleWebResources (2.5)" />
        <Dependent type="80" schemaName="rpacat_KeyVaultAdministrator" displayName="Locker Management" />
      </MissingDependency>
      <MissingDependency>
        <Required type="66" schemaName="MscrmControls.FieldControls.ToggleControl" displayName="MscrmControls.FieldControls.ToggleControl" solution="BaseCustomControlsCore (9.0.2403.4024)" />
        <Dependent type="60" displayName="Information" parentDisplayName="Value" id="{164b8da2-e78f-4b47-ada3-e8e3571eaa93}" />
      </MissingDependency>
      <MissingDependency>
        <Required type="66" schemaName="MscrmControls.FieldControls.ToggleControl" displayName="MscrmControls.FieldControls.ToggleControl" solution="BaseCustomControlsCore (9.0.2403.4024)" />
        <Dependent type="60" displayName="Information" parentDisplayName="Version" id="{f2ecebd1-ce9d-4aa8-97d7-4b5fae1792a7}" />
      </MissingDependency>
    </MissingDependencies>
  </SolutionManifest>
</ImportExportXml>