{
  "properties": {
    "connectionReferences": {
      "shared_flowmanagement": {
        "runtimeSource": "invoker",
        "connection": {
          "connectionReferenceLogicalName": "rpacat_sharedflowmanagement_9e8a0"
        },
        "api": {
          "name": "shared_flowmanagement"
        }
      },
      "shared_commondataserviceforapps": {
        "impersonation": {},
        "runtimeSource": "embedded",
        "connection": {
          "connectionReferenceLogicalName": "new_sharedcommondataserviceforapps_a2099"
        },
        "api": {
          "name": "shared_commondataserviceforapps"
        }
      }
    },
    "definition": {
      "$schema": "https://schema.management.azure.com/providers/Microsoft.Logic/schemas/2016-06-01/workflowdefinition.json#",
      "contentVersion": "1.0.0.0",
      "parameters": {
        "$connections": {
          "defaultValue": {},
          "type": "Object"
        },
        "$authentication": {
          "defaultValue": {},
          "type": "SecureObject"
        }
      },
      "triggers": {
        "manual": {
          "metadata": {
            "operationMetadataId": "90c4389d-763b-4459-9dc5-7768d7f334f2"
          },
          "type": "Request",
          "kind": "Button",
          "inputs": {
            "schema": {
              "type": "object",
              "properties": {
                "text": {
                  "title": "Locker Environment Name",
                  "type": "string",
                  "x-ms-dynamically-added": true,
                  "description": "Please enter your input",
                  "x-ms-content-hint": "TEXT"
                },
                "text_1": {
                  "title": "Environment Name",
                  "type": "string",
                  "x-ms-dynamically-added": true,
                  "description": "Please enter your input",
                  "x-ms-content-hint": "TEXT"
                },
                "text_2": {
                  "title": "Locker",
                  "type": "string",
                  "x-ms-dynamically-added": true,
                  "description": "Please enter your input",
                  "x-ms-content-hint": "TEXT"
                },
                "text_3": {
                  "title": "Value",
                  "type": "string",
                  "x-ms-dynamically-added": true,
                  "description": "Please enter your input",
                  "x-ms-content-hint": "TEXT"
                }
              },
              "required": [
                "text",
                "text_1",
                "text_2",
                "text_3"
              ]
            }
          }
        }
      },
      "actions": {
        "List_My_Environments": {
          "runAfter": {},
          "metadata": {
            "operationMetadataId": "f4041a72-ff2d-43d1-973b-353ac57323ec"
          },
          "type": "OpenApiConnection",
          "inputs": {
            "host": {
              "apiId": "/providers/Microsoft.PowerApps/apis/shared_flowmanagement",
              "connectionName": "shared_flowmanagement",
              "operationId": "ListUserEnvironments"
            },
            "parameters": {},
            "authentication": {
              "value": "@json(decodeBase64(triggerOutputs().headers['X-MS-APIM-Tokens']))['$ConnectionKey']",
              "type": "Raw"
            }
          }
        },
        "Get_Locker_Environment": {
          "runAfter": {
            "List_My_Environments": [
              "Succeeded"
            ]
          },
          "metadata": {
            "operationMetadataId": "a4ced4eb-3ec7-42d6-b401-7dbec73f1880"
          },
          "type": "Query",
          "inputs": {
            "from": "@outputs('List_My_Environments')?['body/value']",
            "where": "@equals(item()?['name'], triggerBody()['text'])"
          }
        },
        "Get_Locker_Environment_Properties": {
          "runAfter": {
            "Get_Locker_Environment": [
              "Succeeded"
            ]
          },
          "metadata": {
            "operationMetadataId": "7fbda186-95a8-4bcb-9b0a-6a19c95b2256"
          },
          "type": "ParseJson",
          "inputs": {
            "content": "@body('Get_Locker_Environment')",
            "schema": {
              "type": "array",
              "items": {
                "type": "object",
                "properties": {
                  "name": {
                    "type": "string"
                  },
                  "location": {
                    "type": "string"
                  },
                  "type": {
                    "type": "string"
                  },
                  "id": {
                    "type": "string"
                  },
                  "properties": {
                    "type": "object",
                    "properties": {
                      "displayName": {
                        "type": "string"
                      },
                      "createdTime": {
                        "type": "string"
                      },
                      "createdBy": {
                        "type": "object",
                        "properties": {
                          "id": {
                            "type": "string"
                          },
                          "displayName": {
                            "type": "string"
                          },
                          "email": {
                            "type": "string"
                          },
                          "type": {
                            "type": "string"
                          },
                          "tenantId": {
                            "type": "string"
                          },
                          "userPrincipalName": {
                            "type": "string"
                          }
                        }
                      },
                      "lastModifiedTime": {
                        "type": "string"
                      },
                      "provisioningState": {
                        "type": "string"
                      },
                      "creationType": {
                        "type": "string"
                      },
                      "environmentSku": {
                        "type": "string"
                      },
                      "environmentType": {
                        "type": "string"
                      },
                      "states": {
                        "type": "object",
                        "properties": {
                          "management": {
                            "type": "object",
                            "properties": {
                              "id": {
                                "type": "string"
                              }
                            }
                          },
                          "runtime": {
                            "type": "object",
                            "properties": {
                              "runtimeReasonCode": {
                                "type": "string"
                              },
                              "requestedBy": {
                                "type": "object",
                                "properties": {
                                  "displayName": {
                                    "type": "string"
                                  },
                                  "type": {
                                    "type": "string"
                                  }
                                }
                              },
                              "id": {
                                "type": "string"
                              }
                            }
                          }
                        }
                      },
                      "isDefault": {
                        "type": "boolean"
                      },
                      "isPayAsYouGoEnabled": {
                        "type": "boolean"
                      },
                      "azureRegionHint": {
                        "type": "string"
                      },
                      "runtimeEndpoints": {
                        "type": "object",
                        "properties": {
                          "microsoft.BusinessAppPlatform": {
                            "type": "string"
                          },
                          "microsoft.CommonDataModel": {
                            "type": "string"
                          },
                          "microsoft.PowerApps": {
                            "type": "string"
                          },
                          "microsoft.PowerAppsAdvisor": {
                            "type": "string"
                          },
                          "microsoft.PowerVirtualAgents": {
                            "type": "string"
                          },
                          "microsoft.ApiManagement": {
                            "type": "string"
                          },
                          "microsoft.Flow": {
                            "type": "string"
                          }
                        }
                      },
                      "protectionStatus": {
                        "type": "object",
                        "properties": {
                          "keyManagedBy": {
                            "type": "string"
                          }
                        }
                      },
                      "linkedEnvironmentMetadata": {
                        "type": "object",
                        "properties": {
                          "type": {
                            "type": "string"
                          },
                          "resourceId": {
                            "type": "string"
                          },
                          "friendlyName": {
                            "type": "string"
                          },
                          "uniqueName": {
                            "type": "string"
                          },
                          "domainName": {
                            "type": "string"
                          },
                          "version": {
                            "type": "string"
                          },
                          "instanceUrl": {
                            "type": "string"
                          },
                          "instanceApiUrl": {
                            "type": "string"
                          },
                          "baseLanguage": {
                            "type": "integer"
                          },
                          "instanceState": {
                            "type": "string"
                          },
                          "createdTime": {
                            "type": "string"
                          }
                        }
                      },
                      "environmentFeatures": {
                        "type": "object",
                        "properties": {
                          "isOpenApiEnabled": {
                            "type": "boolean"
                          }
                        }
                      },
                      "cluster": {
                        "type": "object",
                        "properties": {
                          "category": {
                            "type": "string"
                          },
                          "number": {
                            "type": "string"
                          },
                          "uriSuffix": {
                            "type": "string"
                          },
                          "geoShortName": {
                            "type": "string"
                          },
                          "environment": {
                            "type": "string"
                          }
                        }
                      },
                      "governanceConfiguration": {
                        "type": "object",
                        "properties": {
                          "protectionLevel": {
                            "type": "string"
                          }
                        }
                      },
                      "databaseType": {
                        "type": "string"
                      }
                    }
                  }
                },
                "required": [
                  "name",
                  "location",
                  "type",
                  "id",
                  "properties"
                ]
              }
            }
          }
        },
        "For_each_Locker_Environment": {
          "foreach": "@body('Get_Locker_Environment_Properties')",
          "actions": {
            "Get_Secret_from_Locker": {
              "runAfter": {},
              "metadata": {
                "operationMetadataId": "2da95b57-bd4f-4321-af8f-c46f9db5f2d8"
              },
              "type": "OpenApiConnection",
              "inputs": {
                "host": {
                  "apiId": "/providers/Microsoft.PowerApps/apis/shared_commondataserviceforapps",
                  "connectionName": "shared_commondataserviceforapps",
                  "operationId": "PerformUnboundActionWithOrganization"
                },
                "parameters": {
                  "organization": "@items('For_each_Locker_Environment')?['properties']?['linkedEnvironmentMetadata']?['instanceUrl']",
                  "actionName": "rpacat_GetSecret",
                  "item": {
                    "Secret": "Bot 1 username",
                    "Environment": "RPA Production",
                    "Locker": "Bot 1 Credentials"
                  }
                },
                "authentication": "@parameters('$authentication')"
              }
            }
          },
          "runAfter": {
            "Get_Locker_Environment_Properties": [
              "Succeeded"
            ]
          },
          "metadata": {
            "operationMetadataId": "14034f16-8478-436b-ba2e-3db5082c525b"
          },
          "type": "Foreach"
        }
      }
    },
    "templateName": null
  },
  "schemaVersion": "1.0.0.0"
}