<manifest><control namespace="BeverControls" constructor="PasswordField" version="1.1.0" display-name-key="BeverControls.PasswordField" description-key="This control converts the string field into a password field" control-type="virtual" api-version="1.3.4"><external-service-usage enabled="false" /><property name="passwordField" display-name-key="Password Field" description-key="This field will be presented as a password field" of-type="SingleLine.Text" usage="bound" required="true" /><resources><code path="bundle.js" order="1" /><css path="styles/index.css" order="1" /><platform-library name="React" version="16.8.6" /></resources><built-by name="pac" version="1.19.4" /></control></manifest>