<appaction uniquename="rpacat__Reactivate!99c79bdca33747f69d438f7996bdc230!rpacat_KeyVaultAdministrator!rpacat_secret!0">
  <appmoduleid>
    <uniquename>rpacat_KeyVaultAdministrator</uniquename>
  </appmoduleid>
  <buttonlabeltext default="Reactivate">
    <label description="Reactivate" languagecode="1033" />
  </buttonlabeltext>
  <context>1</context>
  <contextentity>
    <logicalname>rpacat_secret</logicalname>
  </contextentity>
  <contextvalue>rpacat_secret</contextvalue>
  <fonticon>$clientsvg:PageCompleted</fonticon>
  <hidden>0</hidden>
  <iscustomizable>1</iscustomizable>
  <isdisabled>0</isdisabled>
  <isgrouptitlehidden>0</isgrouptitlehidden>
  <location>0</location>
  <name>Reactivate!99c79bdca33747f69d438f7996bdc230</name>
  <onclickeventjavascriptfunctionname>XrmCore.Commands.Activate.activatePrimaryRecord</onclickeventjavascriptfunctionname>
  <onclickeventjavascriptparameters>[{"type":4},{"type":2}]</onclickeventjavascriptparameters>
  <onclickeventjavascriptwebresourceid>
    <webresourceid>adea1aea-b2aa-e611-80d6-00155d88c343</webresourceid>
  </onclickeventjavascriptwebresourceid>
  <onclickeventtype>2</onclickeventtype>
  <origin>0</origin>
  <sequence>100100015.0000000000</sequence>
  <statecode>0</statecode>
  <statuscode>1</statuscode>
  <type>0</type>
  <visibilityformulacomponentlibraryid>
    <name>rpacat_keyvaultadministratordefaultcommandlibrary_be299</name>
  </visibilityformulacomponentlibraryid>
  <visibilityformulacomponentname>34a98ab0b4ae4c3d88cfe709af65f183</visibilityformulacomponentname>
  <visibilityformulafunctionname>Visible</visibilityformulafunctionname>
  <visibilitytype>1</visibilitytype>
</appaction>