<customapi uniquename="rpacat_GetSecret">
  <allowedcustomprocessingsteptype>0</allowedcustomprocessingsteptype>
  <bindingtype>0</bindingtype>
  <description default="Get Secret">
    <label description="Get Secret" languagecode="1033" />
  </description>
  <displayname default="Get Secret">
    <label description="Get Secret" languagecode="1033" />
  </displayname>
  <iscustomizable>1</iscustomizable>
  <isfunction>0</isfunction>
  <isprivate>0</isprivate>
  <name>GetSecret</name>
  <plugintypeid>
    <plugintypeexportkey>776974068AA2615177421271B531B1E9CDE2F612E15928D49379A2C119B46E3B</plugintypeexportkey>
  </plugintypeid>
  <workflowsdkstepenabled>0</workflowsdkstepenabled>
</customapi>