{
  "properties": {
    "connectionReferences": {
      "shared_onedriveforbusiness": {
        "runtimeSource": "invoker",
        "connection": {
          "connectionReferenceLogicalName": "new_sharedonedriveforbusiness_039f7"
        },
        "api": {
          "name": "shared_onedriveforbusiness"
        }
      }
    },
    "definition": {
      "$schema": "https://schema.management.azure.com/providers/Microsoft.Logic/schemas/2016-06-01/workflowdefinition.json#",
      "contentVersion": "undefined",
      "parameters": {
        "$connections": {
          "defaultValue": {},
          "type": "Object"
        },
        "$authentication": {
          "defaultValue": {},
          "type": "SecureObject"
        }
      },
      "triggers": {
        "manual": {
          "metadata": {
            "operationMetadataId": "85ea8b81-e41b-4487-a78f-858c9e4247ab"
          },
          "type": "Request",
          "kind": "PowerAppV2",
          "inputs": {
            "schema": {
              "type": "object",
              "properties": {
                "text": {
                  "description": "Please enter your input",
                  "title": "CSV",
                  "type": "string",
                  "x-ms-content-hint": "TEXT",
                  "x-ms-dynamically-added": true
                }
              },
              "required": [
                "text"
              ]
            }
          }
        }
      },
      "actions": {
        "Create_file": {
          "runAfter": {},
          "metadata": {
            "operationMetadataId": "e4426e34-aa02-4c2c-9991-778eb5ff0136"
          },
          "type": "OpenApiConnection",
          "inputs": {
            "host": {
              "connectionName": "shared_onedriveforbusiness",
              "operationId": "CreateFile",
              "apiId": "/providers/Microsoft.PowerApps/apis/shared_onedriveforbusiness"
            },
            "parameters": {
              "folderPath": "/AuditLogs/",
              "name": "audit_export.csv",
              "body": "@triggerBody()?['text']"
            },
            "authentication": "@parameters('$authentication')"
          },
          "runtimeConfiguration": {
            "contentTransfer": {
              "transferMode": "Chunked"
            }
          }
        },
        "Respond_to_a_Power_App_or_flow": {
          "runAfter": {
            "Create_share_link": [
              "Succeeded"
            ]
          },
          "metadata": {
            "operationMetadataId": "f226256c-a176-49fb-bb06-9a5daa0fcdcb"
          },
          "type": "Response",
          "kind": "PowerApp",
          "inputs": {
            "statusCode": 200,
            "body": {
              "filename": "@outputs('Create_share_link')?['body/WebUrl']"
            },
            "schema": {
              "type": "object",
              "properties": {
                "filename": {
                  "title": "FileName",
                  "x-ms-dynamically-added": true,
                  "type": "string"
                }
              }
            }
          }
        },
        "Create_share_link": {
          "runAfter": {
            "Create_file": [
              "Succeeded"
            ]
          },
          "metadata": {
            "operationMetadataId": "23c421ec-9369-4375-9335-bca1f7a8b8bc"
          },
          "type": "OpenApiConnection",
          "inputs": {
            "host": {
              "connectionName": "shared_onedriveforbusiness",
              "operationId": "CreateShareLinkV2",
              "apiId": "/providers/Microsoft.PowerApps/apis/shared_onedriveforbusiness"
            },
            "parameters": {
              "id": "@outputs('Create_file')?['body/Id']",
              "type": "View",
              "scope": "Organization"
            },
            "authentication": "@parameters('$authentication')"
          }
        }
      }
    },
    "templateName": ""
  },
  "schemaVersion": "1.0.0.0"
}