{
  "properties": {
    "connectionReferences": {},
    "definition": {
      "$schema": "https://schema.management.azure.com/providers/Microsoft.Logic/schemas/2016-06-01/workflowdefinition.json#",
      "contentVersion": "1.0.0.0",
      "parameters": {
        "$authentication": {
          "defaultValue": {},
          "type": "SecureObject"
        }
      },
      "triggers": {
        "manual": {
          "metadata": {
            "operationMetadataId": "3398a6ae-ff4a-4ed6-a507-8599056d05fa"
          },
          "type": "Request",
          "kind": "PowerAppV2",
          "inputs": {
            "schema": {
              "type": "object",
              "properties": {},
              "required": []
            }
          }
        }
      },
      "actions": {
        "Compose": {
          "runAfter": {},
          "metadata": {
            "operationMetadataId": "030487a0-511c-4470-a446-69e02e59f269"
          },
          "type": "Compose",
          "inputs": "@workflow().tags.environmentName"
        },
        "Respond_to_a_PowerApp_or_flow": {
          "runAfter": {
            "Compose": [
              "Succeeded"
            ]
          },
          "metadata": {
            "operationMetadataId": "99195139-efa2-45ba-9567-dd766e913583"
          },
          "type": "Response",
          "kind": "PowerApp",
          "inputs": {
            "statusCode": 200,
            "body": {
              "current_environment": "@{outputs('Compose')}"
            },
            "schema": {
              "type": "object",
              "properties": {
                "current_environment": {
                  "title": "Current Environment",
                  "x-ms-dynamically-added": true,
                  "type": "string"
                }
              }
            }
          }
        }
      }
    },
    "templateName": null
  },
  "schemaVersion": "1.0.0.0"
}