{
  "properties": {
    "connectionReferences": {
      "shared_webcontents": {
        "runtimeSource": "embedded",
        "connection": {
          "connectionReferenceLogicalName": "new_sharedwebcontents_3c51d"
        },
        "api": {
          "name": "shared_webcontents"
        }
      }
    },
    "definition": {
      "$schema": "https://schema.management.azure.com/providers/Microsoft.Logic/schemas/2016-06-01/workflowdefinition.json#",
      "contentVersion": "1.0.0.0",
      "parameters": {
        "$connections": {
          "defaultValue": {},
          "type": "Object"
        },
        "$authentication": {
          "defaultValue": {},
          "type": "SecureObject"
        }
      },
      "triggers": {
        "manual": {
          "metadata": {
            "operationMetadataId": "d3685446-5f02-40ca-9b5b-b4385b4ffb1f"
          },
          "type": "Request",
          "kind": "Button",
          "inputs": {
            "schema": {
              "type": "object",
              "properties": {
                "text": {
                  "title": "Environment Id",
                  "type": "string",
                  "x-ms-dynamically-added": true,
                  "description": "Please enter your input",
                  "x-ms-content-hint": "TEXT"
                }
              },
              "required": [
                "text"
              ]
            }
          }
        }
      },
      "actions": {
        "Get_per_Flow_Plans": {
          "runAfter": {},
          "metadata": {
            "operationMetadataId": "12886de8-0e95-44e1-ac69-210053e55ec6"
          },
          "type": "OpenApiConnection",
          "inputs": {
            "host": {
              "apiId": "/providers/Microsoft.PowerApps/apis/shared_webcontents",
              "connectionName": "shared_webcontents",
              "operationId": "InvokeHttp"
            },
            "parameters": {
              "request/method": "GET",
              "request/url": "https://api.flow.microsoft.com/providers/Microsoft.ProcessSimple/environments/@{triggerBody()['text']}/perFlowPlanAllocations?api-version=2016-11-01"
            },
            "authentication": {
              "value": "@json(decodeBase64(triggerOutputs().headers['X-MS-APIM-Tokens']))['$ConnectionKey']",
              "type": "Raw"
            }
          }
        },
        "Respond_to_a_PowerApp_or_flow": {
          "runAfter": {
            "Initialize_variable": [
              "Succeeded"
            ]
          },
          "metadata": {
            "operationMetadataId": "8fd32d0c-6c0c-4e0e-9b73-97d4682a1d9f"
          },
          "type": "Response",
          "kind": "PowerApp",
          "inputs": {
            "statusCode": 200,
            "body": {
              "flowplanflownames": "@{body('Parse_JSON')?['flowPlanFlowNames']}"
            },
            "schema": {
              "type": "object",
              "properties": {
                "flowplanflownames": {
                  "title": "FlowPlanFlowNames",
                  "x-ms-dynamically-added": true,
                  "type": "string"
                }
              }
            }
          }
        },
        "Parse_JSON": {
          "runAfter": {
            "Get_per_Flow_Plans": [
              "Succeeded"
            ]
          },
          "metadata": {
            "operationMetadataId": "f3a3dafb-d128-4c59-beaf-9e5942c1cd50"
          },
          "type": "ParseJson",
          "inputs": {
            "content": "@body('Get_per_Flow_Plans')",
            "schema": {
              "type": "object",
              "properties": {
                "count": {
                  "type": "integer"
                },
                "flowPlanFlowNames": {
                  "type": "array",
                  "items": {
                    "type": "string"
                  }
                }
              }
            }
          }
        },
        "Initialize_variable": {
          "runAfter": {
            "Parse_JSON": [
              "Succeeded"
            ]
          },
          "metadata": {
            "operationMetadataId": "a79b6447-18a5-4a4b-a560-ebad972d55f4"
          },
          "type": "InitializeVariable",
          "inputs": {
            "variables": [
              {
                "name": "FlowPlanFlowNames",
                "type": "array",
                "value": "@body('Parse_JSON')?['flowPlanFlowNames']"
              }
            ]
          }
        }
      }
    },
    "templateName": null
  },
  "schemaVersion": "1.0.0.0"
}