{
  "properties": {
    "connectionReferences": {
      "shared_flowmanagement": {
        "runtimeSource": "embedded",
        "connection": {
          "connectionReferenceLogicalName": "new_sharedflowmanagement_ec31c"
        },
        "api": {
          "name": "shared_flowmanagement"
        }
      },
      "shared_commondataserviceforapps": {
        "runtimeSource": "embedded",
        "connection": {
          "connectionReferenceLogicalName": "rpacat_sharedcommondataserviceforapps_29dfd"
        },
        "api": {
          "name": "shared_commondataserviceforapps"
        }
      }
    },
    "definition": {
      "$schema": "https://schema.management.azure.com/providers/Microsoft.Logic/schemas/2016-06-01/workflowdefinition.json#",
      "contentVersion": "1.0.0.0",
      "parameters": {
        "$connections": {
          "defaultValue": {},
          "type": "Object"
        },
        "$authentication": {
          "defaultValue": {},
          "type": "SecureObject"
        }
      },
      "triggers": {
        "manual": {
          "metadata": {
            "operationMetadataId": "bdb65ab5-b4d8-4f1d-b6d1-d9b835960911"
          },
          "type": "Request",
          "kind": "Button",
          "inputs": {
            "schema": {
              "type": "object",
              "properties": {
                "text": {
                  "title": "Environment Id",
                  "type": "string",
                  "x-ms-dynamically-added": true,
                  "description": "Please enter your input",
                  "x-ms-content-hint": "TEXT"
                },
                "text_1": {
                  "title": "Instance URL",
                  "type": "string",
                  "x-ms-dynamically-added": true,
                  "description": "Please enter your input",
                  "x-ms-content-hint": "TEXT"
                },
                "text_2": {
                  "title": "Environment Name",
                  "type": "string",
                  "x-ms-dynamically-added": true,
                  "description": "Please enter your input",
                  "x-ms-content-hint": "TEXT"
                }
              },
              "required": [
                "text",
                "text_1",
                "text_2"
              ]
            }
          }
        }
      },
      "actions": {
        "List_Flows_as_Admin_(V2)": {
          "runAfter": {},
          "metadata": {
            "operationMetadataId": "32878dca-10c7-41be-bc3f-6965d499162b"
          },
          "type": "OpenApiConnection",
          "inputs": {
            "host": {
              "connectionName": "shared_flowmanagement",
              "operationId": "ListFlowsInEnvironment_V2",
              "apiId": "/providers/Microsoft.PowerApps/apis/shared_flowmanagement"
            },
            "parameters": {
              "environmentName": "@triggerBody()['text']"
            },
            "authentication": {
              "type": "Raw",
              "value": "@json(decodeBase64(triggerOutputs().headers['X-MS-APIM-Tokens']))['$ConnectionKey']"
            }
          }
        },
        "Check_for_each_flow_if_there_are_desktop_flows_triggered": {
          "foreach": "@outputs('List_Flows_as_Admin_(V2)')?['body/value']",
          "actions": {
            "Check_if_Desktop_Flows_action_is_present": {
              "actions": {
                "Parse_JSON_Flow_Definition": {
                  "runAfter": {
                    "Flow_Definition": [
                      "Succeeded"
                    ]
                  },
                  "metadata": {
                    "operationMetadataId": "0c544ab9-9118-49a8-9b16-dc955b52c3a6"
                  },
                  "type": "ParseJson",
                  "inputs": {
                    "content": "@outputs('Flow_Definition')",
                    "schema": {
                      "type": "object",
                      "properties": {
                        "$schema": {
                          "type": "string"
                        },
                        "contentVersion": {
                          "type": "string"
                        },
                        "parameters": {
                          "type": "object",
                          "properties": {}
                        },
                        "triggers": {
                          "type": "object",
                          "properties": {
                            "manual": {
                              "type": "object",
                              "properties": {
                                "type": {
                                  "type": "string"
                                },
                                "kind": {
                                  "type": "string"
                                },
                                "inputs": {}
                              }
                            }
                          }
                        },
                        "actions": {
                          "type": "object",
                          "properties": {
                            "Run_a_flow_built_with_Power_Automate_for_desktop": {
                              "type": "object",
                              "properties": {}
                            }
                          }
                        }
                      }
                    }
                  }
                },
                "Do_until_there_is_no_Desktop_Flow_Id_anymore": {
                  "actions": {
                    "Readjust_start_index": {
                      "runAfter": {},
                      "metadata": {
                        "operationMetadataId": "e236cce6-f5fc-4cab-ba4e-6a28ed6d2ace"
                      },
                      "type": "IncrementVariable",
                      "inputs": {
                        "name": "varIndexStart",
                        "value": 12
                      }
                    },
                    "Recheck_Index": {
                      "actions": {
                        "Get_Desktopflow_Id": {
                          "runAfter": {},
                          "metadata": {
                            "operationMetadataId": "2f00fe58-3267-4901-9284-46bbe526b245"
                          },
                          "type": "Compose",
                          "inputs": "@substring(outputs('Get_Actions'),variables('varIndexStart'),36)"
                        },
                        "Get_Process": {
                          "runAfter": {
                            "Get_Desktopflow_Id": [
                              "Succeeded"
                            ]
                          },
                          "metadata": {
                            "operationMetadataId": "ac7cab3c-2a9f-4d14-873d-657ddc50bc5e"
                          },
                          "type": "OpenApiConnection",
                          "inputs": {
                            "host": {
                              "connectionName": "shared_commondataserviceforapps",
                              "operationId": "GetItemWithOrganization",
                              "apiId": "/providers/Microsoft.PowerApps/apis/shared_commondataserviceforapps"
                            },
                            "parameters": {
                              "organization": "@triggerBody()['text_1']",
                              "entityName": "workflows",
                              "recordId": "@outputs('Get_Desktopflow_Id')",
                              "$select": "workflowid, name"
                            },
                            "authentication": {
                              "type": "Raw",
                              "value": "@json(decodeBase64(triggerOutputs().headers['X-MS-APIM-Tokens']))['$ConnectionKey']"
                            }
                          }
                        },
                        "Get_Cloud_Flow_Detail": {
                          "runAfter": {
                            "Get_Process": [
                              "Succeeded"
                            ]
                          },
                          "metadata": {
                            "operationMetadataId": "ecadb3f1-62b9-4176-a389-f71a2a519337"
                          },
                          "type": "OpenApiConnection",
                          "inputs": {
                            "host": {
                              "connectionName": "shared_commondataserviceforapps",
                              "operationId": "ListRecordsWithOrganization",
                              "apiId": "/providers/Microsoft.PowerApps/apis/shared_commondataserviceforapps"
                            },
                            "parameters": {
                              "organization": "current",
                              "entityName": "rpacat_cloudflowdetails",
                              "$select": "rpacat_cloudflowdetailid",
                              "$filter": "rpacat_flowid eq '@{items('Check_for_each_flow_if_there_are_desktop_flows_triggered')?['name']}'",
                              "$top": 1
                            },
                            "authentication": {
                              "type": "Raw",
                              "value": "@json(decodeBase64(triggerOutputs().headers['X-MS-APIM-Tokens']))['$ConnectionKey']"
                            }
                          }
                        },
                        "Get_Desktop_Flow_Runs": {
                          "runAfter": {
                            "Get_Cloud_Flow_Detail": [
                              "Succeeded"
                            ]
                          },
                          "metadata": {
                            "operationMetadataId": "1d81d638-8427-47b2-ad52-99ad4d1f8940"
                          },
                          "type": "OpenApiConnection",
                          "inputs": {
                            "host": {
                              "connectionName": "shared_commondataserviceforapps",
                              "operationId": "ListRecordsWithOrganization",
                              "apiId": "/providers/Microsoft.PowerApps/apis/shared_commondataserviceforapps"
                            },
                            "parameters": {
                              "organization": "@triggerBody()['text_1']",
                              "entityName": "flowsessions",
                              "$select": "flowsessionid, _machineid_value, _machinegroupid_value, sessionusername",
                              "$filter": "_regardingobjectid_value eq '@{outputs('Get_Process')?['body/workflowid']}'",
                              "$orderby": "createdon desc",
                              "$top": 20
                            },
                            "authentication": {
                              "type": "Raw",
                              "value": "@json(decodeBase64(triggerOutputs().headers['X-MS-APIM-Tokens']))['$ConnectionKey']"
                            }
                          }
                        },
                        "Select_Unique_User_Sessions": {
                          "runAfter": {
                            "Get_Desktop_Flow_Runs": [
                              "Succeeded"
                            ]
                          },
                          "metadata": {
                            "operationMetadataId": "1c479d1e-a0f3-4954-8212-04581c2ce85e"
                          },
                          "type": "Select",
                          "inputs": {
                            "from": "@outputs('Get_Desktop_Flow_Runs')?['body/value']",
                            "select": {
                              "User Session": "@item()?['sessionusername']",
                              "Machine": "@item()?['_machineid_value']",
                              "Machine Group": "@item()?['_machinegroupid_value']"
                            }
                          }
                        },
                        "Parse_Desktop_Flows_Sessions_JSON": {
                          "runAfter": {
                            "Select_Unique_User_Sessions": [
                              "Succeeded"
                            ]
                          },
                          "metadata": {
                            "operationMetadataId": "eaec4ce7-00fb-43f5-af44-78b6ed092611"
                          },
                          "type": "ParseJson",
                          "inputs": {
                            "content": "@body('Select_Unique_User_Sessions')",
                            "schema": {
                              "type": "array",
                              "items": {
                                "type": "object",
                                "properties": {
                                  "User Session": {},
                                  "Machine": {},
                                  "Machine Group": {}
                                },
                                "required": [
                                  "User Session",
                                  "Machine",
                                  "Machine Group"
                                ]
                              }
                            }
                          }
                        },
                        "Reset_Stop": {
                          "runAfter": {
                            "Parse_Desktop_Flows_Sessions_JSON": [
                              "Succeeded"
                            ]
                          },
                          "metadata": {
                            "operationMetadataId": "93eb6c97-758b-434e-aac4-80380dbda3bd"
                          },
                          "type": "SetVariable",
                          "inputs": {
                            "name": "varStop",
                            "value": false
                          }
                        },
                        "Apply_to_each_unique_session": {
                          "foreach": "@body('Parse_Desktop_Flows_Sessions_JSON')",
                          "actions": {
                            "Apply_to_each_Desktop_Flow_Session": {
                              "foreach": "@outputs('Get_Desktop_Flow_Runs')?['body/value']",
                              "actions": {
                                "Condition": {
                                  "actions": {
                                    "Stop": {
                                      "runAfter": {
                                        "Add_a_new_Cloud_Flow_-_Desktop_Flow": [
                                          "Succeeded"
                                        ]
                                      },
                                      "metadata": {
                                        "operationMetadataId": "5077951c-3174-4f25-9789-13252e935f5f"
                                      },
                                      "type": "SetVariable",
                                      "inputs": {
                                        "name": "varStop",
                                        "value": true
                                      }
                                    },
                                    "Add_a_new_Cloud_Flow_-_Desktop_Flow": {
                                      "runAfter": {
                                        "Check_Machine_Group": [
                                          "Succeeded"
                                        ]
                                      },
                                      "metadata": {
                                        "operationMetadataId": "f9b29312-ae44-4fff-b263-c0b853cceccb"
                                      },
                                      "type": "OpenApiConnection",
                                      "inputs": {
                                        "host": {
                                          "connectionName": "shared_commondataserviceforapps",
                                          "operationId": "CreateRecordWithOrganization",
                                          "apiId": "/providers/Microsoft.PowerApps/apis/shared_commondataserviceforapps"
                                        },
                                        "parameters": {
                                          "organization": "current",
                                          "entityName": "rpacat_cloudflowdesktopflows",
                                          "item/rpacat_CloudFlowDetail@odata.bind": "/rpacat_cloudflowdetails(@{First(outputs('Get_Cloud_Flow_Detail')?['body/value'])?['rpacat_cloudflowdetailid']})",
                                          "item/rpacat_dfname": "@outputs('Get_Process')?['body/name']",
                                          "item/rpacat_environment": "@triggerBody()['text_2']",
                                          "item/rpacat_flowid": "@outputs('Get_Flow')?['body/name']",
                                          "item/rpacat_dfflowstatusreason": "@outputs('Get_Flow_Session')?['body/statuscode@OData.Community.Display.V1.FormattedValue']",
                                          "item/rpacat_dfmachine": "@variables('varMachine')",
                                          "item/rpacat_dfmachinegroup": "@variables('varMachineGroup')",
                                          "item/rpacat_name": "@outputs('Get_Flow')?['body/properties/displayName']",
                                          "item/rpacat_dfrunmode": "@if(equals(outputs('Get_Flow_Session')?['body/runmode'],1),423330000,423330001)",
                                          "item/rpacat_dfsessionusername": "@outputs('Get_Flow_Session')?['body/sessionusername']"
                                        },
                                        "authentication": {
                                          "type": "Raw",
                                          "value": "@json(decodeBase64(triggerOutputs().headers['X-MS-APIM-Tokens']))['$ConnectionKey']"
                                        }
                                      }
                                    },
                                    "Get_Flow_Session": {
                                      "runAfter": {},
                                      "metadata": {
                                        "operationMetadataId": "349942c6-7e6c-4eb6-8124-5e80dd064fc2"
                                      },
                                      "type": "OpenApiConnection",
                                      "inputs": {
                                        "host": {
                                          "connectionName": "shared_commondataserviceforapps",
                                          "operationId": "GetItemWithOrganization",
                                          "apiId": "/providers/Microsoft.PowerApps/apis/shared_commondataserviceforapps"
                                        },
                                        "parameters": {
                                          "organization": "@triggerBody()['text_1']",
                                          "entityName": "flowsessions",
                                          "recordId": "@items('Apply_to_each_Desktop_Flow_Session')?['flowsessionid']"
                                        },
                                        "authentication": {
                                          "type": "Raw",
                                          "value": "@json(decodeBase64(triggerOutputs().headers['X-MS-APIM-Tokens']))['$ConnectionKey']"
                                        }
                                      }
                                    },
                                    "Reset_Machine": {
                                      "runAfter": {
                                        "Get_Flow_Session": [
                                          "Succeeded"
                                        ]
                                      },
                                      "metadata": {
                                        "operationMetadataId": "641d291a-6324-4168-b30c-efc2c3ae96ba"
                                      },
                                      "type": "SetVariable",
                                      "inputs": {
                                        "name": "varMachine",
                                        "value": "@{string('')}"
                                      }
                                    },
                                    "Check_Machine": {
                                      "actions": {
                                        "Get_Machine": {
                                          "runAfter": {},
                                          "metadata": {
                                            "operationMetadataId": "7813200f-8291-4eee-8042-8d80fd3d5d40"
                                          },
                                          "type": "OpenApiConnection",
                                          "inputs": {
                                            "host": {
                                              "connectionName": "shared_commondataserviceforapps",
                                              "operationId": "GetItemWithOrganization",
                                              "apiId": "/providers/Microsoft.PowerApps/apis/shared_commondataserviceforapps"
                                            },
                                            "parameters": {
                                              "organization": "@triggerBody()['text_1']",
                                              "entityName": "flowmachines",
                                              "recordId": "@outputs('Get_Flow_Session')?['body/_machineid_value']",
                                              "$select": "name"
                                            },
                                            "authentication": {
                                              "type": "Raw",
                                              "value": "@json(decodeBase64(triggerOutputs().headers['X-MS-APIM-Tokens']))['$ConnectionKey']"
                                            }
                                          }
                                        },
                                        "Set_Machine": {
                                          "runAfter": {
                                            "Get_Machine": [
                                              "Succeeded"
                                            ]
                                          },
                                          "metadata": {
                                            "operationMetadataId": "ef0629bf-40db-4d67-b2d4-eda9e4df9718"
                                          },
                                          "type": "SetVariable",
                                          "inputs": {
                                            "name": "varMachine",
                                            "value": "@{outputs('Get_Machine')?['body/name']}"
                                          }
                                        }
                                      },
                                      "runAfter": {
                                        "Reset_Machine": [
                                          "Succeeded"
                                        ]
                                      },
                                      "expression": {
                                        "not": {
                                          "equals": [
                                            "@outputs('Get_Flow_Session')?['body/_machineid_value']",
                                            "@null"
                                          ]
                                        }
                                      },
                                      "metadata": {
                                        "operationMetadataId": "e1b31026-5e2c-4968-896d-1778d6e01412"
                                      },
                                      "type": "If"
                                    },
                                    "Reset_Machine_Group": {
                                      "runAfter": {
                                        "Check_Machine": [
                                          "Succeeded"
                                        ]
                                      },
                                      "metadata": {
                                        "operationMetadataId": "eda026fe-4e28-4b1a-91e9-d6dc6ae682ee"
                                      },
                                      "type": "SetVariable",
                                      "inputs": {
                                        "name": "varMachineGroup",
                                        "value": "@{string('')}"
                                      }
                                    },
                                    "Check_Machine_Group": {
                                      "actions": {
                                        "Get_Machine_Group": {
                                          "runAfter": {},
                                          "metadata": {
                                            "operationMetadataId": "56a33e8e-89ca-418d-9011-b5b198c91c18"
                                          },
                                          "type": "OpenApiConnection",
                                          "inputs": {
                                            "host": {
                                              "connectionName": "shared_commondataserviceforapps",
                                              "operationId": "GetItemWithOrganization",
                                              "apiId": "/providers/Microsoft.PowerApps/apis/shared_commondataserviceforapps"
                                            },
                                            "parameters": {
                                              "organization": "@triggerBody()['text_1']",
                                              "entityName": "flowmachinegroups",
                                              "recordId": "@outputs('Get_Flow_Session')?['body/_machinegroupid_value']",
                                              "$select": "name"
                                            },
                                            "authentication": {
                                              "type": "Raw",
                                              "value": "@json(decodeBase64(triggerOutputs().headers['X-MS-APIM-Tokens']))['$ConnectionKey']"
                                            }
                                          }
                                        },
                                        "Set_Machine_Group": {
                                          "runAfter": {
                                            "Get_Machine_Group": [
                                              "Succeeded"
                                            ]
                                          },
                                          "metadata": {
                                            "operationMetadataId": "d72a8043-75e6-43fc-9899-658039f60893"
                                          },
                                          "type": "SetVariable",
                                          "inputs": {
                                            "name": "varMachineGroup",
                                            "value": "@{outputs('Get_Machine_Group')?['body/name']}"
                                          }
                                        }
                                      },
                                      "runAfter": {
                                        "Reset_Machine_Group": [
                                          "Succeeded"
                                        ]
                                      },
                                      "expression": {
                                        "not": {
                                          "equals": [
                                            "@outputs('Get_Flow_Session')?['body/_machinegroupid_value']",
                                            "@null"
                                          ]
                                        }
                                      },
                                      "metadata": {
                                        "operationMetadataId": "32e3fceb-f5ea-4b04-8a60-0d06317cf1f1"
                                      },
                                      "type": "If"
                                    }
                                  },
                                  "runAfter": {},
                                  "expression": {
                                    "and": [
                                      {
                                        "equals": [
                                          "@variables('varStop')",
                                          "@false"
                                        ]
                                      },
                                      {
                                        "equals": [
                                          "@items('Apply_to_each_unique_session')['User Session']",
                                          "@items('Apply_to_each_Desktop_Flow_Session')?['sessionusername']"
                                        ]
                                      },
                                      {
                                        "equals": [
                                          "@items('Apply_to_each_unique_session')['Machine']",
                                          "@items('Apply_to_each_Desktop_Flow_Session')?['_machineid_value']"
                                        ]
                                      },
                                      {
                                        "equals": [
                                          "@items('Apply_to_each_unique_session')['Machine Group']",
                                          "@items('Apply_to_each_Desktop_Flow_Session')?['_machinegroupid_value']"
                                        ]
                                      }
                                    ]
                                  },
                                  "metadata": {
                                    "operationMetadataId": "e216b9cc-1dd7-40bc-8bda-639aa0d70029"
                                  },
                                  "type": "If"
                                }
                              },
                              "runAfter": {},
                              "metadata": {
                                "operationMetadataId": "7d929943-edca-42c6-a808-cb2ef5028318"
                              },
                              "type": "Foreach"
                            }
                          },
                          "runAfter": {
                            "Reset_Stop": [
                              "Succeeded"
                            ]
                          },
                          "metadata": {
                            "operationMetadataId": "0ef74b4f-b1b1-4fb3-b22b-1d93944d9691"
                          },
                          "type": "Foreach"
                        }
                      },
                      "runAfter": {
                        "Readjust_start_index": [
                          "Succeeded"
                        ]
                      },
                      "expression": {
                        "greater": [
                          "@variables('varIndexStart')",
                          12
                        ]
                      },
                      "metadata": {
                        "operationMetadataId": "620796bb-0c80-468e-8217-61a253ee5811"
                      },
                      "type": "If"
                    },
                    "Next_occurrence_": {
                      "runAfter": {
                        "Recheck_Index": [
                          "Succeeded"
                        ]
                      },
                      "metadata": {
                        "operationMetadataId": "ffecd051-ba02-411d-9c72-ec065f4ad0ca"
                      },
                      "type": "IncrementVariable",
                      "inputs": {
                        "name": "varCounter",
                        "value": 1
                      }
                    },
                    "Set_next_start_index": {
                      "runAfter": {
                        "Next_occurrence_": [
                          "Succeeded"
                        ]
                      },
                      "metadata": {
                        "operationMetadataId": "e7fa5d03-2e01-4b06-bdeb-54bb6667f0b6"
                      },
                      "type": "SetVariable",
                      "inputs": {
                        "name": "varIndexStart",
                        "value": "@int(nthIndexOf(string(body('Parse_JSON_Flow_Definition')?['actions']), '\"uiFlowId\":', variables('varCounter')))"
                      }
                    }
                  },
                  "runAfter": {
                    "Set_start_index": [
                      "Succeeded"
                    ]
                  },
                  "expression": "@lessOrEquals(int(variables('varIndexStart')), 0)",
                  "limit": {
                    "count": 5,
                    "timeout": "PT1H"
                  },
                  "metadata": {
                    "operationMetadataId": "566a7f7f-cec6-48dd-8c57-cee5da755069"
                  },
                  "type": "Until"
                },
                "Set_start_index": {
                  "runAfter": {
                    "Reset_Counter": [
                      "Succeeded"
                    ]
                  },
                  "metadata": {
                    "operationMetadataId": "e7fa5d03-2e01-4b06-bdeb-54bb6667f0b6"
                  },
                  "type": "SetVariable",
                  "inputs": {
                    "name": "varIndexStart",
                    "value": "@nthIndexOf(outputs('Get_Actions'), '\"uiFlowId\":', variables('varCounter'))"
                  }
                },
                "Reset_Counter": {
                  "runAfter": {
                    "Get_Actions": [
                      "Succeeded"
                    ]
                  },
                  "metadata": {
                    "operationMetadataId": "1176e883-dc74-4caf-beb5-6adfbfa25f2a"
                  },
                  "type": "SetVariable",
                  "inputs": {
                    "name": "varCounter",
                    "value": 1
                  }
                },
                "Flow_Definition": {
                  "runAfter": {},
                  "metadata": {
                    "operationMetadataId": "e1bda220-60a7-41c3-a0a2-9a74be752f32"
                  },
                  "type": "Compose",
                  "inputs": "@outputs('Get_Actions_from_Flow_Definition')"
                },
                "Get_Actions": {
                  "runAfter": {
                    "Parse_JSON_Flow_Definition": [
                      "Succeeded"
                    ]
                  },
                  "metadata": {
                    "operationMetadataId": "c8ff10c8-8c4f-42f7-9a9a-d6338e340879"
                  },
                  "type": "Compose",
                  "inputs": "@outputs('Flow_Definition')"
                }
              },
              "runAfter": {
                "Get_Actions_from_Flow_Definition": [
                  "Succeeded"
                ]
              },
              "expression": {
                "and": [
                  {
                    "greaterOrEquals": [
                      "@indexOf(outputs('Get_Actions_from_Flow_Definition'),'RunUIFlow')",
                      1
                    ]
                  },
                  {
                    "not": {
                      "equals": [
                        "@outputs('Get_Flow')?['body/properties/displayName']",
                        "@string('Get Desktop Flows')"
                      ]
                    }
                  }
                ]
              },
              "metadata": {
                "operationMetadataId": "2b4520ec-e719-4520-9e02-0d9d8548bf42"
              },
              "type": "If"
            },
            "Get_Actions_from_Flow_Definition": {
              "runAfter": {
                "Apply_to_each": [
                  "Succeeded"
                ]
              },
              "metadata": {
                "operationMetadataId": "5e68bdf0-0eb7-472d-849a-5de779398032"
              },
              "type": "Compose",
              "inputs": "@string(outputs('Get_Flow')?['body/properties/definition/actions'])"
            },
            "Get_Flow": {
              "runAfter": {},
              "metadata": {
                "operationMetadataId": "46c742c2-99fa-4b2c-b361-4c16ec19172a"
              },
              "type": "OpenApiConnection",
              "inputs": {
                "host": {
                  "connectionName": "shared_flowmanagement",
                  "operationId": "AdminGetFlow",
                  "apiId": "/providers/Microsoft.PowerApps/apis/shared_flowmanagement"
                },
                "parameters": {
                  "environmentName": "@triggerBody()['text']",
                  "flowName": "@items('Check_for_each_flow_if_there_are_desktop_flows_triggered')?['name']",
                  "includeFlowDefinition": true
                },
                "authentication": {
                  "type": "Raw",
                  "value": "@json(decodeBase64(triggerOutputs().headers['X-MS-APIM-Tokens']))['$ConnectionKey']"
                }
              }
            },
            "Get_All_Existing_DesktopFlows": {
              "runAfter": {
                "Get_Flow": [
                  "Succeeded"
                ]
              },
              "metadata": {
                "operationMetadataId": "47c49316-e54e-4c75-9ec9-43f8a6295eea"
              },
              "type": "OpenApiConnection",
              "inputs": {
                "host": {
                  "connectionName": "shared_commondataserviceforapps",
                  "operationId": "ListRecordsWithOrganization",
                  "apiId": "/providers/Microsoft.PowerApps/apis/shared_commondataserviceforapps"
                },
                "parameters": {
                  "organization": "current",
                  "entityName": "rpacat_cloudflowdesktopflows",
                  "$select": "rpacat_cloudflowdesktopflowid",
                  "$filter": "rpacat_flowid eq '@{outputs('Get_Flow')?['body/name']}'"
                },
                "authentication": {
                  "type": "Raw",
                  "value": "@json(decodeBase64(triggerOutputs().headers['X-MS-APIM-Tokens']))['$ConnectionKey']"
                }
              }
            },
            "Apply_to_each": {
              "foreach": "@outputs('Get_All_Existing_DesktopFlows')?['body/value']",
              "actions": {
                "Delete_DesktopFlow": {
                  "runAfter": {},
                  "metadata": {
                    "operationMetadataId": "6342dea2-e6d7-4ffd-b1cd-940c23a07aa9"
                  },
                  "type": "OpenApiConnection",
                  "inputs": {
                    "host": {
                      "connectionName": "shared_commondataserviceforapps",
                      "operationId": "DeleteRecordWithOrganization",
                      "apiId": "/providers/Microsoft.PowerApps/apis/shared_commondataserviceforapps"
                    },
                    "parameters": {
                      "organization": "current",
                      "entityName": "rpacat_cloudflowdesktopflows",
                      "recordId": "@items('Apply_to_each')?['rpacat_cloudflowdesktopflowid']"
                    },
                    "authentication": {
                      "type": "Raw",
                      "value": "@json(decodeBase64(triggerOutputs().headers['X-MS-APIM-Tokens']))['$ConnectionKey']"
                    }
                  }
                }
              },
              "runAfter": {
                "Get_All_Existing_DesktopFlows": [
                  "Succeeded"
                ]
              },
              "metadata": {
                "operationMetadataId": "f9f68a88-ca4e-4c86-b9d7-fb48485fedfb"
              },
              "type": "Foreach"
            }
          },
          "runAfter": {
            "Initialize_Machine_Group": [
              "Succeeded"
            ]
          },
          "metadata": {
            "operationMetadataId": "3a8f9bdb-4bc5-45c4-bc55-555e9ff57dfa"
          },
          "type": "Foreach"
        },
        "Initialize_Desktop_Flows_Array": {
          "runAfter": {
            "List_Flows_as_Admin_(V2)": [
              "Succeeded"
            ]
          },
          "metadata": {
            "operationMetadataId": "e721a2c0-a4b2-440b-bb05-be09d449f0bf"
          },
          "type": "InitializeVariable",
          "inputs": {
            "variables": [
              {
                "name": "varDesktopFlows",
                "type": "array"
              }
            ]
          }
        },
        "Initialize_Counter": {
          "runAfter": {
            "Initialize_Desktop_Flows_Array": [
              "Succeeded"
            ]
          },
          "metadata": {
            "operationMetadataId": "163311e4-0a3a-460b-b10b-d974b8176644"
          },
          "type": "InitializeVariable",
          "inputs": {
            "variables": [
              {
                "name": "varCounter",
                "type": "integer",
                "value": 0
              }
            ]
          }
        },
        "Initialize_Start_Index": {
          "runAfter": {
            "Initialize_Counter": [
              "Succeeded"
            ]
          },
          "metadata": {
            "operationMetadataId": "3b1d7718-e4bc-438f-b4f4-5543eac5319f"
          },
          "type": "InitializeVariable",
          "inputs": {
            "variables": [
              {
                "name": "varIndexStart",
                "type": "integer",
                "value": 0
              }
            ]
          }
        },
        "Initialize_Stop": {
          "runAfter": {
            "Initialize_Start_Index": [
              "Succeeded"
            ]
          },
          "metadata": {
            "operationMetadataId": "a88692da-a2de-4bff-9399-aa465f47b01f"
          },
          "type": "InitializeVariable",
          "inputs": {
            "variables": [
              {
                "name": "varStop",
                "type": "boolean",
                "value": false
              }
            ]
          }
        },
        "Respond_to_a_PowerApp_or_flow": {
          "runAfter": {
            "Check_for_each_flow_if_there_are_desktop_flows_triggered": [
              "Succeeded"
            ]
          },
          "metadata": {
            "operationMetadataId": "39dd3161-f651-415e-9144-602b9bd6d42a"
          },
          "type": "Response",
          "kind": "PowerApp",
          "inputs": {
            "statusCode": 200,
            "body": {},
            "schema": {
              "type": "object",
              "properties": {}
            }
          }
        },
        "Initialize_Machine": {
          "runAfter": {
            "Initialize_Stop": [
              "Succeeded"
            ]
          },
          "metadata": {
            "operationMetadataId": "0788b03d-8225-4ebe-8bd7-049ec8d2c781"
          },
          "type": "InitializeVariable",
          "inputs": {
            "variables": [
              {
                "name": "varMachine",
                "type": "string"
              }
            ]
          }
        },
        "Initialize_Machine_Group": {
          "runAfter": {
            "Initialize_Machine": [
              "Succeeded"
            ]
          },
          "metadata": {
            "operationMetadataId": "f370867b-f5af-462f-8565-22657fbbd4dd"
          },
          "type": "InitializeVariable",
          "inputs": {
            "variables": [
              {
                "name": "varMachineGroup",
                "type": "string"
              }
            ]
          }
        }
      }
    },
    "templateName": ""
  },
  "schemaVersion": "1.0.0.0"
}