{
  "properties": {
    "connectionReferences": {
      "shared_webcontents": {
        "runtimeSource": "embedded",
        "connection": {
          "connectionReferenceLogicalName": "new_sharedwebcontents_3c51d"
        },
        "api": {
          "name": "shared_webcontents"
        }
      }
    },
    "definition": {
      "$schema": "https://schema.management.azure.com/providers/Microsoft.Logic/schemas/2016-06-01/workflowdefinition.json#",
      "contentVersion": "1.0.0.0",
      "parameters": {
        "$connections": {
          "defaultValue": {},
          "type": "Object"
        },
        "$authentication": {
          "defaultValue": {},
          "type": "SecureObject"
        }
      },
      "triggers": {
        "manual": {
          "metadata": {
            "operationMetadataId": "f50069c9-f437-4a33-a5c2-351002a9e43d"
          },
          "type": "Request",
          "kind": "Button",
          "inputs": {
            "schema": {
              "type": "object",
              "properties": {
                "text": {
                  "title": "Flow Name",
                  "type": "string",
                  "x-ms-dynamically-added": true,
                  "description": "Please enter your input",
                  "x-ms-content-hint": "TEXT"
                },
                "text_1": {
                  "title": "Environment Id",
                  "type": "string",
                  "x-ms-dynamically-added": true,
                  "description": "Please enter your input",
                  "x-ms-content-hint": "TEXT"
                }
              },
              "required": [
                "text",
                "text_1"
              ]
            }
          }
        }
      },
      "actions": {
        "Get_Flow_Runs_from_API": {
          "runAfter": {},
          "metadata": {
            "operationMetadataId": "955d9864-81a0-414e-8484-af749209208f"
          },
          "type": "OpenApiConnection",
          "inputs": {
            "host": {
              "apiId": "/providers/Microsoft.PowerApps/apis/shared_webcontents",
              "connectionName": "shared_webcontents",
              "operationId": "InvokeHttp"
            },
            "parameters": {
              "request/method": "GET",
              "request/url": "https://api.flow.microsoft.com/providers/Microsoft.ProcessSimple/environments/@{triggerBody()['text_1']}/flows/@{triggerBody()['text']}/runs?api-version=2016-11-01"
            },
            "authentication": {
              "value": "@json(decodeBase64(triggerOutputs().headers['X-MS-APIM-Tokens']))['$ConnectionKey']",
              "type": "Raw"
            }
          }
        },
        "Parse_JSON_Result": {
          "runAfter": {
            "Initialize_Output": [
              "Succeeded"
            ]
          },
          "metadata": {
            "operationMetadataId": "3f55ddde-be82-4c3a-9511-a5a0a7b73ef9"
          },
          "type": "ParseJson",
          "inputs": {
            "content": "@body('Get_Flow_Runs_from_API')",
            "schema": {
              "type": "object",
              "properties": {
                "value": {
                  "type": "array",
                  "items": {
                    "type": "object",
                    "properties": {
                      "name": {
                        "type": "string"
                      },
                      "id": {
                        "type": "string"
                      },
                      "type": {
                        "type": "string"
                      },
                      "properties": {
                        "type": "object",
                        "properties": {
                          "startTime": {
                            "type": "string"
                          },
                          "endTime": {
                            "type": "string"
                          },
                          "status": {
                            "type": "string"
                          },
                          "correlation": {
                            "type": "object",
                            "properties": {
                              "clientTrackingId": {
                                "type": "string"
                              }
                            }
                          },
                          "trigger": {
                            "type": "object",
                            "properties": {
                              "name": {
                                "type": "string"
                              },
                              "inputsLink": {
                                "type": "object",
                                "properties": {
                                  "uri": {
                                    "type": "string"
                                  },
                                  "contentVersion": {
                                    "type": "string"
                                  },
                                  "contentSize": {
                                    "type": "integer"
                                  },
                                  "contentHash": {
                                    "type": "object",
                                    "properties": {
                                      "algorithm": {
                                        "type": "string"
                                      },
                                      "value": {
                                        "type": "string"
                                      }
                                    }
                                  }
                                }
                              },
                              "outputsLink": {
                                "type": "object",
                                "properties": {
                                  "uri": {
                                    "type": "string"
                                  },
                                  "contentVersion": {
                                    "type": "string"
                                  },
                                  "contentSize": {
                                    "type": "integer"
                                  },
                                  "contentHash": {
                                    "type": "object",
                                    "properties": {
                                      "algorithm": {
                                        "type": "string"
                                      },
                                      "value": {
                                        "type": "string"
                                      }
                                    }
                                  }
                                }
                              },
                              "startTime": {
                                "type": "string"
                              },
                              "endTime": {
                                "type": "string"
                              },
                              "originHistoryName": {
                                "type": "string"
                              },
                              "correlation": {
                                "type": "object",
                                "properties": {
                                  "clientTrackingId": {
                                    "type": "string"
                                  }
                                }
                              },
                              "status": {
                                "type": "string"
                              }
                            }
                          }
                        }
                      }
                    },
                    "required": [
                      "name",
                      "id",
                      "type",
                      "properties"
                    ]
                  }
                }
              }
            }
          }
        },
        "Check_if_Empty": {
          "actions": {
            "Get_First_Run": {
              "runAfter": {},
              "metadata": {
                "operationMetadataId": "9b82a5c7-c23d-4dd3-9451-96beef210ad4"
              },
              "type": "Compose",
              "inputs": "@body('Parse_JSON_Result')['value'][0]"
            },
            "Set_variable": {
              "runAfter": {
                "Get_First_Run": [
                  "Succeeded"
                ]
              },
              "metadata": {
                "operationMetadataId": "bcaf601b-6951-44e6-924c-15e577fe62a2"
              },
              "type": "SetVariable",
              "inputs": {
                "name": "FirstRun",
                "value": "@{outputs('Get_First_Run')}"
              }
            }
          },
          "runAfter": {
            "Parse_JSON_Result": [
              "Succeeded"
            ]
          },
          "expression": {
            "equals": [
              "@empty(body('Parse_JSON_Result')?['value'])",
              "@false"
            ]
          },
          "metadata": {
            "operationMetadataId": "e2384dc6-d015-4b3f-ad7a-45b239690701"
          },
          "type": "If"
        },
        "Respond_to_a_PowerApp_or_flow": {
          "runAfter": {
            "Check_if_Empty": [
              "Succeeded"
            ]
          },
          "metadata": {
            "operationMetadataId": "30702237-919e-4d7e-80ae-5a6281fd3a51"
          },
          "type": "Response",
          "kind": "PowerApp",
          "inputs": {
            "statusCode": 200,
            "body": {
              "flowrun": "@variables('FirstRun')"
            },
            "schema": {
              "type": "object",
              "properties": {
                "flowrun": {
                  "title": "FlowRun",
                  "x-ms-dynamically-added": true,
                  "type": "string"
                }
              }
            }
          }
        },
        "Initialize_Output": {
          "runAfter": {
            "Get_Flow_Runs_from_API": [
              "Succeeded"
            ]
          },
          "metadata": {
            "operationMetadataId": "d56eb7b3-123b-4b28-9b1a-17b101a89e62"
          },
          "type": "InitializeVariable",
          "inputs": {
            "variables": [
              {
                "name": "FirstRun",
                "type": "string"
              }
            ]
          }
        }
      }
    },
    "templateName": null
  },
  "schemaVersion": "1.0.0.0"
}