{
  "properties": {
    "connectionReferences": {},
    "definition": {
      "$schema": "https://schema.management.azure.com/providers/Microsoft.Logic/schemas/2016-06-01/workflowdefinition.json#",
      "contentVersion": "1.0.0.0",
      "parameters": {
        "$authentication": {
          "defaultValue": {},
          "type": "SecureObject"
        }
      },
      "triggers": {
        "Recurrence": {
          "recurrence": {
            "frequency": "Day",
            "interval": 1,
            "startTime": "2024-01-23T09:00:00Z"
          },
          "metadata": {
            "operationMetadataId": "882962fc-4f1f-4f8d-9867-a3ff34527767"
          },
          "type": "Recurrence"
        }
      },
      "actions": {
        "Run_a_Child_Flow": {
          "runAfter": {},
          "metadata": {
            "operationMetadataId": "2454abfd-b042-4df0-93e3-be44fd4d4c0c"
          },
          "type": "Workflow",
          "inputs": {
            "host": {
              "workflowReferenceName": "6f5e068d-15b7-ee11-a569-000d3aa9a4a4"
            }
          }
        }
      }
    },
    "templateName": null
  },
  "schemaVersion": "1.0.0.0"
}