<appaction uniquename="rpacat__Reactivate!c1beac8b39f14710a87b8edcb7443535!rpacat_KeyVaultAdministrator!rpacat_secretversion!0">
  <appmoduleid>
    <uniquename>rpacat_KeyVaultAdministrator</uniquename>
  </appmoduleid>
  <buttonlabeltext default="Reactivate">
    <label description="Reactivate" languagecode="1033" />
  </buttonlabeltext>
  <context>1</context>
  <contextentity>
    <logicalname>rpacat_secretversion</logicalname>
  </contextentity>
  <contextvalue>rpacat_secretversion</contextvalue>
  <fonticon>$clientsvg:PageCompleted</fonticon>
  <hidden>0</hidden>
  <iscustomizable>1</iscustomizable>
  <isdisabled>0</isdisabled>
  <isgrouptitlehidden>0</isgrouptitlehidden>
  <location>0</location>
  <name>Reactivate!c1beac8b39f14710a87b8edcb7443535</name>
  <onclickeventjavascriptfunctionname>XrmCore.Commands.Activate.activateRecords</onclickeventjavascriptfunctionname>
  <onclickeventjavascriptparameters>[{"type":4},{"type":1}]</onclickeventjavascriptparameters>
  <onclickeventjavascriptwebresourceid>
    <webresourceid>adea1aea-b2aa-e611-80d6-00155d88c343</webresourceid>
  </onclickeventjavascriptwebresourceid>
  <onclickeventtype>2</onclickeventtype>
  <origin>0</origin>
  <sequence>100100015.0000000000</sequence>
  <statecode>0</statecode>
  <statuscode>1</statuscode>
  <type>0</type>
  <visibilityformulacomponentlibraryid>
    <name>rpacat_keyvaultadministratordefaultcommandlibrary_be299</name>
  </visibilityformulacomponentlibraryid>
  <visibilityformulacomponentname>27ea4eb4686545f39ce24798edfbaa1e</visibilityformulacomponentname>
  <visibilityformulafunctionname>Visible</visibilityformulafunctionname>
  <visibilitytype>1</visibilitytype>
</appaction>