{
  "properties": {
    "connectionReferences": {
      "shared_onedriveforbusiness": {
        "runtimeSource": "invoker",
        "connection": {
          "connectionReferenceLogicalName": "new_sharedonedriveforbusiness_039f7"
        },
        "api": {
          "name": "shared_onedriveforbusiness"
        }
      }
    },
    "definition": {
      "$schema": "https://schema.management.azure.com/providers/Microsoft.Logic/schemas/2016-06-01/workflowdefinition.json#",
      "contentVersion": "1.0.0.0",
      "parameters": {
        "$connections": {
          "defaultValue": {},
          "type": "Object"
        },
        "$authentication": {
          "defaultValue": {},
          "type": "SecureObject"
        }
      },
      "triggers": {
        "manual": {
          "metadata": {
            "operationMetadataId": "868a4c38-2e60-4c53-810c-41add08a284f"
          },
          "type": "Request",
          "kind": "PowerAppV2",
          "inputs": {
            "schema": {
              "type": "object",
              "properties": {
                "text": {
                  "title": "AuditRecords",
                  "type": "string",
                  "x-ms-dynamically-added": true,
                  "description": "Please enter your input",
                  "x-ms-content-hint": "TEXT"
                }
              },
              "required": [
                "text"
              ]
            }
          }
        }
      },
      "actions": {
        "Compose": {
          "runAfter": {},
          "metadata": {
            "operationMetadataId": "d9a937bb-e5b9-40cd-8b88-a55a29519d6b"
          },
          "type": "Compose",
          "inputs": "@utcNow()"
        },
        "Respond_to_a_PowerApp_or_flow": {
          "runAfter": {
            "Get_File_Name": [
              "Succeeded"
            ]
          },
          "metadata": {
            "operationMetadataId": "2b134627-7d47-49a4-b889-0a810b786005"
          },
          "type": "Response",
          "kind": "PowerApp",
          "inputs": {
            "statusCode": 200,
            "body": {
              "auditrecordsfile": "@{outputs('Get_File_Name')}"
            },
            "schema": {
              "type": "object",
              "properties": {
                "auditrecordsfile": {
                  "title": "AuditRecordsFile",
                  "x-ms-dynamically-added": true,
                  "type": "string"
                }
              }
            }
          }
        },
        "Parse_JSON": {
          "runAfter": {
            "Compose_2": [
              "Succeeded"
            ]
          },
          "metadata": {
            "operationMetadataId": "81d4e166-6543-47af-a2f5-19c4ddba6f00"
          },
          "type": "ParseJson",
          "inputs": {
            "content": "@triggerBody()",
            "schema": {
              "type": "object",
              "properties": {
                "text": {
                  "type": "string"
                }
              }
            }
          }
        },
        "Create_CSV_table": {
          "runAfter": {
            "Select": [
              "Succeeded"
            ]
          },
          "metadata": {
            "operationMetadataId": "5978e036-5b22-44be-8232-e69fda737f84"
          },
          "type": "Table",
          "inputs": {
            "from": "@body('Select')",
            "format": "CSV"
          }
        },
        "Create_file": {
          "runAfter": {
            "Create_CSV_table": [
              "Succeeded"
            ]
          },
          "metadata": {
            "operationMetadataId": "19bc70d2-6df2-468d-90d0-527dd86e9390"
          },
          "type": "OpenApiConnection",
          "inputs": {
            "host": {
              "connectionName": "shared_onedriveforbusiness",
              "operationId": "CreateFile",
              "apiId": "/providers/Microsoft.PowerApps/apis/shared_onedriveforbusiness"
            },
            "parameters": {
              "folderPath": "/",
              "name": "ExportAudit_@{outputs('Compose')}.csv",
              "body": "@body('Create_CSV_table')"
            },
            "authentication": "@parameters('$authentication')"
          },
          "runtimeConfiguration": {
            "contentTransfer": {
              "transferMode": "Chunked"
            }
          }
        },
        "Get_File_Name": {
          "runAfter": {
            "Create_file": [
              "Succeeded"
            ]
          },
          "metadata": {
            "operationMetadataId": "7bec72d5-7113-4409-a55e-6b07f38187ee"
          },
          "type": "Compose",
          "inputs": "@outputs('Create_file')?['body/Path']"
        },
        "Compose_2": {
          "runAfter": {
            "Compose": [
              "Succeeded"
            ]
          },
          "metadata": {
            "operationMetadataId": "2b659a58-f129-423f-af96-fa6bf36f492f"
          },
          "type": "Compose",
          "inputs": "@triggerBody()"
        },
        "Parse_JSON_2": {
          "runAfter": {
            "Parse_JSON": [
              "Succeeded"
            ]
          },
          "metadata": {
            "operationMetadataId": "4966161c-724c-4fc7-869f-a9b138257c14"
          },
          "type": "ParseJson",
          "inputs": {
            "content": "@body('Parse_JSON')?['text']",
            "schema": {
              "type": "array",
              "items": {
                "type": "object",
                "properties": {
                  "Action": {
                    "type": "string"
                  },
                  "AgentVersion": {},
                  "AuditId": {
                    "type": "string"
                  },
                  "CallingUserId": {},
                  "CallingUserIdName": {},
                  "ChangedAttributes": {},
                  "CreatedOn": {
                    "type": "string"
                  },
                  "HostName": {},
                  "Link": {},
                  "MachineGroupId": {},
                  "MachineId": {},
                  "ObjectId": {},
                  "ObjectName": {},
                  "Objecttypecode": {},
                  "Operation": {
                    "type": "string"
                  },
                  "RegardingObjectId": {},
                  "UserAdditionalInfo": {},
                  "UserId": {},
                  "UserName": {
                    "type": "string"
                  },
                  "Workflow": {}
                },
                "required": [
                  "Action",
                  "CreatedOn",
                  "ObjectId",
                  "Objecttypecode",
                  "Operation",
                  "UserName"
                ]
              }
            }
          }
        },
        "Select": {
          "runAfter": {
            "Parse_JSON_2": [
              "Succeeded"
            ]
          },
          "metadata": {
            "operationMetadataId": "76f3b3fa-a6c9-45a4-a175-05f9e1d445a1"
          },
          "type": "Select",
          "inputs": {
            "from": "@body('Parse_JSON_2')",
            "select": {
              "Event Date": "@item()['CreatedOn']",
              "UserName": "@item()['UserName']",
              "Action": "@item()['Action']",
              "Table": "@item()['Objecttypecode']",
              "Operation": "@item()['Operation']",
              "Target Record": "@item()?['ObjectName']",
              "ObjectId": "@item()['ObjectId']",
              "Workflow": "@item()?['Workflow']",
              "AuditId": "@item()?['AuditId']",
              "ChangedAttributes": "@item()?['ChangedAttributes']"
            }
          }
        }
      }
    },
    "templateName": ""
  },
  "schemaVersion": "1.0.0.0"
}