<appaction uniquename="rpacat__Copy!fba26a66d75941c1b69306edb8932518!rpacat_KeyVaultAdministrator!rpacat_keyvault!1">
  <appmoduleid>
    <uniquename>rpacat_KeyVaultAdministrator</uniquename>
  </appmoduleid>
  <buttonlabeltext default="Copy">
    <label description="Copy" languagecode="1033" />
  </buttonlabeltext>
  <buttontooltiptitle default="Copy the locker with values">
    <label description="Copy the locker with values" languagecode="1033" />
  </buttontooltiptitle>
  <context>1</context>
  <contextentity>
    <logicalname>rpacat_keyvault</logicalname>
  </contextentity>
  <contextvalue>rpacat_keyvault</contextvalue>
  <fonticon>Copy</fonticon>
  <hidden>0</hidden>
  <iscustomizable>1</iscustomizable>
  <isdisabled>0</isdisabled>
  <isgrouptitlehidden>0</isgrouptitlehidden>
  <location>1</location>
  <name>Copy!fba26a66d75941c1b69306edb8932518</name>
  <onclickeventformulacomponentlibraryid>
    <name>rpacat_keyvaultadministratordefaultcommandlibrary_be299</name>
  </onclickeventformulacomponentlibraryid>
  <onclickeventformulacomponentname>9eb1ffb303ee4959a0683285666fad6f</onclickeventformulacomponentname>
  <onclickeventformulafunctionname>OnSelect</onclickeventformulafunctionname>
  <onclickeventtype>1</onclickeventtype>
  <origin>0</origin>
  <sequence>1000100010.0000000000</sequence>
  <statecode>0</statecode>
  <statuscode>1</statuscode>
  <type>0</type>
  <visibilityformulacomponentlibraryid>
    <name>rpacat_keyvaultadministratordefaultcommandlibrary_be299</name>
  </visibilityformulacomponentlibraryid>
  <visibilityformulacomponentname>9eb1ffb303ee4959a0683285666fad6f</visibilityformulacomponentname>
  <visibilityformulafunctionname>Visible</visibilityformulafunctionname>
  <visibilitytype>1</visibilitytype>
</appaction>