<ImportExportXml version="9.2.24015.196" SolutionPackageVersion="9.2" languagecode="1033" generatedBy="CrmLive" xmlns:xsi="http://www.w3.org/2001/XMLSchema-instance">
  <SolutionManifest>
    <UniqueName>Novartis_Auditing</UniqueName>
    <LocalizedNames>
      <LocalizedName description="Novartis_Auditing" languagecode="1033" />
    </LocalizedNames>
    <Descriptions />
    <Version>1.0.0.4</Version>
    <Managed>1</Managed>
    <Publisher>
      <UniqueName>autocoe</UniqueName>
      <LocalizedNames>
        <LocalizedName description="autocoe" languagecode="1033" />
      </LocalizedNames>
      <Descriptions>
        <Description description="AutoCoE" languagecode="1033" />
      </Descriptions>
      <EMailAddress xsi:nil="true"></EMailAddress>
      <SupportingWebsiteUrl xsi:nil="true"></SupportingWebsiteUrl>
      <CustomizationPrefix>autocoe</CustomizationPrefix>
      <CustomizationOptionValuePrefix>41114</CustomizationOptionValuePrefix>
      <Addresses>
        <Address>
          <AddressNumber>1</AddressNumber>
          <AddressTypeCode>1</AddressTypeCode>
          <City xsi:nil="true"></City>
          <County xsi:nil="true"></County>
          <Country xsi:nil="true"></Country>
          <Fax xsi:nil="true"></Fax>
          <FreightTermsCode xsi:nil="true"></FreightTermsCode>
          <ImportSequenceNumber xsi:nil="true"></ImportSequenceNumber>
          <Latitude xsi:nil="true"></Latitude>
          <Line1 xsi:nil="true"></Line1>
          <Line2 xsi:nil="true"></Line2>
          <Line3 xsi:nil="true"></Line3>
          <Longitude xsi:nil="true"></Longitude>
          <Name xsi:nil="true"></Name>
          <PostalCode xsi:nil="true"></PostalCode>
          <PostOfficeBox xsi:nil="true"></PostOfficeBox>
          <PrimaryContactName xsi:nil="true"></PrimaryContactName>
          <ShippingMethodCode>1</ShippingMethodCode>
          <StateOrProvince xsi:nil="true"></StateOrProvince>
          <Telephone1 xsi:nil="true"></Telephone1>
          <Telephone2 xsi:nil="true"></Telephone2>
          <Telephone3 xsi:nil="true"></Telephone3>
          <TimeZoneRuleVersionNumber xsi:nil="true"></TimeZoneRuleVersionNumber>
          <UPSZone xsi:nil="true"></UPSZone>
          <UTCOffset xsi:nil="true"></UTCOffset>
          <UTCConversionTimeZoneCode xsi:nil="true"></UTCConversionTimeZoneCode>
        </Address>
        <Address>
          <AddressNumber>2</AddressNumber>
          <AddressTypeCode>1</AddressTypeCode>
          <City xsi:nil="true"></City>
          <County xsi:nil="true"></County>
          <Country xsi:nil="true"></Country>
          <Fax xsi:nil="true"></Fax>
          <FreightTermsCode xsi:nil="true"></FreightTermsCode>
          <ImportSequenceNumber xsi:nil="true"></ImportSequenceNumber>
          <Latitude xsi:nil="true"></Latitude>
          <Line1 xsi:nil="true"></Line1>
          <Line2 xsi:nil="true"></Line2>
          <Line3 xsi:nil="true"></Line3>
          <Longitude xsi:nil="true"></Longitude>
          <Name xsi:nil="true"></Name>
          <PostalCode xsi:nil="true"></PostalCode>
          <PostOfficeBox xsi:nil="true"></PostOfficeBox>
          <PrimaryContactName xsi:nil="true"></PrimaryContactName>
          <ShippingMethodCode>1</ShippingMethodCode>
          <StateOrProvince xsi:nil="true"></StateOrProvince>
          <Telephone1 xsi:nil="true"></Telephone1>
          <Telephone2 xsi:nil="true"></Telephone2>
          <Telephone3 xsi:nil="true"></Telephone3>
          <TimeZoneRuleVersionNumber xsi:nil="true"></TimeZoneRuleVersionNumber>
          <UPSZone xsi:nil="true"></UPSZone>
          <UTCOffset xsi:nil="true"></UTCOffset>
          <UTCConversionTimeZoneCode xsi:nil="true"></UTCConversionTimeZoneCode>
        </Address>
      </Addresses>
    </Publisher>
    <RootComponents>
      <RootComponent type="20" id="{56cbf088-13df-ee11-904c-000d3a372f57}" behavior="0" />
      <RootComponent type="29" id="{4ff4740c-b7d5-ee11-9078-000d3a372f57}" behavior="0" />
      <RootComponent type="29" id="{7b7d9aa5-6ed6-ee11-9078-000d3a372f57}" behavior="0" />
      <RootComponent type="91" id="{55483290-93d4-ee11-9078-000d3a372f57}" schemaName="AutomationKitAuditFtechAPI, Version=1.1.0.0, Culture=neutral, PublicKeyToken=d206d998991838e9" behavior="0" />
      <RootComponent type="300" schemaName="autocoe_auditlogviewer_4feb7" behavior="0" />
    </RootComponents>
    <MissingDependencies>
      <MissingDependency>
        <Required type="1" schemaName="environmentvariabledefinition" displayName="Environment Variable Definition" solution="EnvironmentVariables (1.0.2.293)" />
        <Dependent type="300" schemaName="autocoe_auditlogviewer_4feb7" displayName="Audit Log Viewer" />
      </MissingDependency>
      <MissingDependency>
        <Required type="1" schemaName="environmentvariablevalue" displayName="Environment Variable Value" solution="EnvironmentVariables (1.0.2.293)" />
        <Dependent type="300" schemaName="autocoe_auditlogviewer_4feb7" displayName="Audit Log Viewer" />
      </MissingDependency>
      <MissingDependency>
        <Required type="1" schemaName="flowmachine" displayName="Flow Machine" solution="MicrosoftFlowExtensionsCore (1.7.5.0)">
          <package>MicrosoftFlowExtensionsAnchor (1.7.5.0)</package>
        </Required>
        <Dependent type="300" schemaName="autocoe_auditlogviewer_4feb7" displayName="Audit Log Viewer" />
      </MissingDependency>
      <MissingDependency>
        <Required type="1" schemaName="flowmachinegroup" displayName="Flow Machine Group" solution="MicrosoftFlowExtensionsCore (1.7.5.0)">
          <package>MicrosoftFlowExtensionsAnchor (1.7.5.0)</package>
        </Required>
        <Dependent type="300" schemaName="autocoe_auditlogviewer_4feb7" displayName="Audit Log Viewer" />
      </MissingDependency>
      <MissingDependency>
        <Required type="1" schemaName="stagesolutionupload" displayName="StageSolutionUpload" solution="StageSolutionUpload (1.0.0.3)" />
        <Dependent type="300" schemaName="autocoe_auditlogviewer_4feb7" displayName="Audit Log Viewer" />
      </MissingDependency>
    </MissingDependencies>
  </SolutionManifest>
</ImportExportXml>