<environmentvariabledefinition schemaname="autocoe_ValidRolestoFetchAduit">
  <defaultvalue>System Administrator,Desktop Flows Support Analyst,Audit Log Viewer</defaultvalue>
  <description default="Comma separated security role names to fetch Audit">
    <label description="Comma separated security role names to fetch Audit" languagecode="1033" />
  </description>
  <displayname default="Valid Roles to Fetch Aduit">
    <label description="Valid Roles to Fetch Aduit" languagecode="1033" />
  </displayname>
  <introducedversion>1.0.0.8</introducedversion>
  <iscustomizable>1</iscustomizable>
  <isrequired>0</isrequired>
  <secretstore>0</secretstore>
  <type>100000000</type>
</environmentvariabledefinition>