<ImportExportXml xmlns:xsi="http://www.w3.org/2001/XMLSchema-instance" OrganizationVersion="9.2.24104.176" OrganizationSchemaType="Standard" CRMServerServiceabilityVersion="9.2.24104.00176">
  <Entities></Entities>
  <Roles></Roles>
  <Workflows>
    <Workflow WorkflowId="{4ff4740c-b7d5-ee11-9078-000d3a372f57}" Name="Get Solution History Records">
      <JsonFileName>/Workflows/GetSolutionHistoryRecords-4FF4740C-B7D5-EE11-9078-000D3A372F57.json</JsonFileName>
      <Type>1</Type>
      <Subprocess>0</Subprocess>
      <Category>5</Category>
      <Mode>0</Mode>
      <Scope>4</Scope>
      <OnDemand>0</OnDemand>
      <TriggerOnCreate>0</TriggerOnCreate>
      <TriggerOnDelete>0</TriggerOnDelete>
      <AsyncAutodelete>0</AsyncAutodelete>
      <SyncWorkflowLogOnFailure>0</SyncWorkflowLogOnFailure>
      <StateCode>1</StateCode>
      <StatusCode>2</StatusCode>
      <RunAs>1</RunAs>
      <IsTransacted>1</IsTransacted>
      <IntroducedVersion>1.0.0.1</IntroducedVersion>
      <IsCustomizable>1</IsCustomizable>
      <IsCustomProcessingStepAllowedForOtherPublishers>1</IsCustomProcessingStepAllowedForOtherPublishers>
      <PrimaryEntity>none</PrimaryEntity>
      <LocalizedNames>
        <LocalizedName languagecode="1033" description="Get Solution History Records" />
      </LocalizedNames>
    </Workflow>
    <Workflow WorkflowId="{7b7d9aa5-6ed6-ee11-9078-000d3a372f57}" Name="Export Audit Records">
      <JsonFileName>/Workflows/ExportAuditRecords-7B7D9AA5-6ED6-EE11-9078-000D3A372F57.json</JsonFileName>
      <Type>1</Type>
      <Subprocess>0</Subprocess>
      <Category>5</Category>
      <Mode>0</Mode>
      <Scope>4</Scope>
      <OnDemand>0</OnDemand>
      <TriggerOnCreate>0</TriggerOnCreate>
      <TriggerOnDelete>0</TriggerOnDelete>
      <AsyncAutodelete>0</AsyncAutodelete>
      <SyncWorkflowLogOnFailure>0</SyncWorkflowLogOnFailure>
      <StateCode>1</StateCode>
      <StatusCode>2</StatusCode>
      <RunAs>1</RunAs>
      <IsTransacted>1</IsTransacted>
      <IntroducedVersion>1.0.0.1</IntroducedVersion>
      <IsCustomizable>1</IsCustomizable>
      <IsCustomProcessingStepAllowedForOtherPublishers>1</IsCustomProcessingStepAllowedForOtherPublishers>
      <PrimaryEntity>none</PrimaryEntity>
      <LocalizedNames>
        <LocalizedName languagecode="1033" description="Export Audit Records" />
      </LocalizedNames>
    </Workflow>
    <Workflow WorkflowId="{e0a406c2-9831-ef11-8e4e-002248747edd}" Name="Audit Export CSV">
      <JsonFileName>/Workflows/AuditExportCSV-E0A406C2-9831-EF11-8E4E-002248747EDD.json</JsonFileName>
      <Type>1</Type>
      <Subprocess>0</Subprocess>
      <Category>5</Category>
      <Mode>0</Mode>
      <Scope>4</Scope>
      <OnDemand>0</OnDemand>
      <TriggerOnCreate>0</TriggerOnCreate>
      <TriggerOnDelete>0</TriggerOnDelete>
      <AsyncAutodelete>0</AsyncAutodelete>
      <SyncWorkflowLogOnFailure>0</SyncWorkflowLogOnFailure>
      <StateCode>1</StateCode>
      <StatusCode>2</StatusCode>
      <RunAs>1</RunAs>
      <IsTransacted>1</IsTransacted>
      <IntroducedVersion>1.0.0.0</IntroducedVersion>
      <IsCustomizable>1</IsCustomizable>
      <BusinessProcessType>0</BusinessProcessType>
      <IsCustomProcessingStepAllowedForOtherPublishers>1</IsCustomProcessingStepAllowedForOtherPublishers>
      <PrimaryEntity>none</PrimaryEntity>
      <LocalizedNames>
        <LocalizedName languagecode="1033" description="Audit Export CSV" />
      </LocalizedNames>
    </Workflow>
  </Workflows>
  <FieldSecurityProfiles></FieldSecurityProfiles>
  <Templates />
  <EntityMaps />
  <EntityRelationships />
  <OrganizationSettings />
  <optionsets />
  <CustomControls />
  <EntityDataProviders />
  <CanvasApps>
    <CanvasApp>
      <Name>autocoe_rpabotlogviewer_e6731</Name>
      <AppVersion>2024-10-18T20:28:40Z</AppVersion>
      <Status>Ready</Status>
      <CreatedByClientVersion>3.24101.10.0</CreatedByClientVersion>
      <MinClientVersion>3.24101.10.0</MinClientVersion>
      <Tags>{"primaryDeviceWidth":"1366","primaryDeviceHeight":"768","supportsPortrait":"true","supportsLandscape":"true","primaryFormFactor":"Tablet","showStatusBar":"false","publisherVersion":"3.24101.10","minimumRequiredApiVersion":"2.2.0","hasComponent":"false","hasUnlockedComponent":"false","isUnifiedRootApp":"false","sienaVersion":"20241009T202218Z-3.24095.15.0"}</Tags>
      <IsCdsUpgraded>0</IsCdsUpgraded>
      <GalleryItemId xsi:nil="true"></GalleryItemId>
      <BackgroundColor>RGBA(0,176,240,1)</BackgroundColor>
      <DisplayName>RPA Bot Log Viewer</DisplayName>
      <Description xsi:nil="true"></Description>
      <CommitMessage xsi:nil="true"></CommitMessage>
      <Publisher xsi:nil="true"></Publisher>
      <AuthorizationReferences>[]</AuthorizationReferences>
      <ConnectionReferences>{"802e5c8e-844c-4574-b856-48227cf7d597":{"id":"/providers/microsoft.powerapps/apis/shared_logicflows","displayName":"Logic flows","iconUri":"https://connectoricons-prod.azureedge.net/releases/v1.0.1719/1.0.1719.3953/logicflows/icon.png","dataSources":["AuditExportCSV"],"dependencies":["b848c40a-4c5d-4d73-b1a0-3fc80b71db1a"],"dependents":[],"parameterHints":{"workflowName":{"value":"018e6d53-733a-4a90-a19c-fd5f14a7b721"},"workflowEntityId":{"value":"e0a406c2-9831-ef11-8e4e-002248747edd"},"workflowDisplayName":{"value":"Audit Export CSV"},"b848c40a-4c5d-4d73-b1a0-3fc80b71db1a":{"value":"shared_onedriveforbusiness"}},"parameterHintsV2":{"workflowName":{"value":"018e6d53-733a-4a90-a19c-fd5f14a7b721"},"workflowEntityId":{"value":"e0a406c2-9831-ef11-8e4e-002248747edd"},"workflowDisplayName":{"value":"Audit Export CSV"},"shared_onedriveforbusiness":{"value":"b848c40a-4c5d-4d73-b1a0-3fc80b71db1a"}},"isOnPremiseConnection":false,"bypassConsent":false,"dataSets":{},"apiTier":"Standard","actions":["Run"]},"b848c40a-4c5d-4d73-b1a0-3fc80b71db1a":{"id":"/providers/microsoft.powerapps/apis/shared_onedriveforbusiness","displayName":"OneDrive for Business","iconUri":"https://connectoricons-prod.azureedge.net/releases/v1.0.1689/1.0.1689.3722/onedriveforbusiness/icon.png","dataSources":[],"dependencies":[],"dependents":["802e5c8e-844c-4574-b856-48227cf7d597"],"parameterHints":{},"parameterHintsV2":{},"isOnPremiseConnection":false,"bypassConsent":false,"dataSets":{},"apiTier":"Standard"},"c000d5f4-c79a-4e9a-81b0-2bfbcef79f45":{"id":"/providers/microsoft.powerapps/apis/shared_logicflows","displayName":"Logic flows","iconUri":"https://connectoricons-prod.azureedge.net/releases/v1.0.1719/1.0.1719.3953/logicflows/icon.png","dataSources":["GetSolutionHistoryRecords"],"dependencies":["11f3fc4c-1971-4455-952b-596b06615d83"],"dependents":[],"parameterHints":{"workflowName":{"value":"5b881f3b-f38b-4218-9396-0fb2dfc8d84c"},"workflowEntityId":{"value":"4ff4740c-b7d5-ee11-9078-000d3a372f57"},"workflowDisplayName":{"value":"Get Solution History Records"},"11f3fc4c-1971-4455-952b-596b06615d83":{"value":"shared_commondataserviceforapps"}},"parameterHintsV2":{"workflowName":{"value":"5b881f3b-f38b-4218-9396-0fb2dfc8d84c"},"workflowEntityId":{"value":"4ff4740c-b7d5-ee11-9078-000d3a372f57"},"workflowDisplayName":{"value":"Get Solution History Records"},"shared_commondataserviceforapps":{"value":"11f3fc4c-1971-4455-952b-596b06615d83"}},"isOnPremiseConnection":false,"bypassConsent":false,"dataSets":{},"apiTier":"Standard","actions":["Run"]},"11f3fc4c-1971-4455-952b-596b06615d83":{"id":"/providers/microsoft.powerapps/apis/shared_commondataserviceforapps","displayName":"Microsoft Dataverse","iconUri":"https://connectoricons-prod.azureedge.net/releases/v1.0.1716/1.0.1716.3922/commondataserviceforapps/icon.png","dataSources":[],"dependencies":[],"dependents":["c000d5f4-c79a-4e9a-81b0-2bfbcef79f45"],"parameterHints":{},"parameterHintsV2":{},"isOnPremiseConnection":false,"bypassConsent":false,"dataSets":{},"apiTier":"Premium"}}</ConnectionReferences>
      <DatabaseReferences>{"default.cds":{"databaseDetails":{"referenceType":"Environmental","environmentName":"default.cds","overrideValues":{"status":"NotSpecified","environmentVariableName":""}},"dataSources":{"Processes":{"entitySetName":"workflows","logicalName":"workflow"},"environment_39a902ba":{"entitySetName":"Environment","logicalName":"environment_39a902ba"},"Environment Variable Values":{"entitySetName":"environmentvariablevalues","logicalName":"environmentvariablevalue"},"Environment Variable Definitions":{"entitySetName":"environmentvariabledefinitions","logicalName":"environmentvariabledefinition"},"Flow Sessions":{"entitySetName":"flowsessions","logicalName":"flowsession"},"Flow Machines":{"entitySetName":"flowmachines","logicalName":"flowmachine"},"Flow Machine Groups":{"entitySetName":"flowmachinegroups","logicalName":"flowmachinegroup"},"Users":{"entitySetName":"systemusers","logicalName":"systemuser"},"Solution Components":{"entitySetName":"solutioncomponents","logicalName":"solutioncomponent"},"Solutions":{"entitySetName":"solutions","logicalName":"solution"},"Lockers":{"entitySetName":"rpacat_keyvaults","logicalName":"rpacat_keyvault"}}}}</DatabaseReferences>
      <AppComponents>[]</AppComponents>
      <AppComponentDependencies>[]</AppComponentDependencies>
      <CanConsumeAppPass>0</CanConsumeAppPass>
      <CanvasAppType>0</CanvasAppType>
      <BypassConsent>0</BypassConsent>
      <AdminControlBypassConsent>0</AdminControlBypassConsent>
      <EmbeddedApp xsi:nil="true"></EmbeddedApp>
      <IntroducedVersion>1.0</IntroducedVersion>
      <CdsDependencies>{"cdsdependencies":[{"dependencyid":"e0a406c2-9831-ef11-8e4e-002248747edd","componenttype":29,"componenttypeplatformname":"Workflow"},{"dependencyid":"4ff4740c-b7d5-ee11-9078-000d3a372f57","componenttype":29,"componenttypeplatformname":"Workflow"},{"logicalname":"workflow","componenttype":1},{"logicalname":"environmentvariablevalue","componenttype":1},{"logicalname":"environmentvariabledefinition","componenttype":1},{"logicalname":"flowsession","componenttype":1},{"logicalname":"flowmachine","componenttype":1},{"logicalname":"flowmachinegroup","componenttype":1},{"logicalname":"systemuser","componenttype":1},{"logicalname":"solutioncomponent","componenttype":1},{"logicalname":"solution","componenttype":1},{"logicalname":"rpacat_keyvault","componenttype":1}]}</CdsDependencies>
      <IsCustomizable>1</IsCustomizable>
      <BackgroundImageUri>/CanvasApps/autocoe_rpabotlogviewer_e6731_BackgroundImageUri</BackgroundImageUri>
      <DocumentUri>/CanvasApps/autocoe_rpabotlogviewer_e6731_DocumentUri.msapp</DocumentUri>
      <AdditionalUris>
        <AdditionalUri>/CanvasApps/autocoe_rpabotlogviewer_e6731_AdditionalUris0_identity.json</AdditionalUri>
      </AdditionalUris>
    </CanvasApp>
  </CanvasApps>
  <connectionreferences>
    <connectionreference connectionreferencelogicalname="new_sharedonedriveforbusiness_039f7">
      <connectionreferencedisplayname>OneDrive for Business Default-039f7</connectionreferencedisplayname>
      <connectorid>/providers/Microsoft.PowerApps/apis/shared_onedriveforbusiness</connectorid>
      <iscustomizable>1</iscustomizable>
      <promptingbehavior>0</promptingbehavior>
      <statecode>0</statecode>
      <statuscode>1</statuscode>
    </connectionreference>
    <connectionreference connectionreferencelogicalname="rpacat_sharedcommondataserviceforapps_224e0">
      <connectionreferencedisplayname>Microsoft Dataverse AKVEnvVariables-224e0</connectionreferencedisplayname>
      <connectorid>/providers/Microsoft.PowerApps/apis/shared_commondataserviceforapps</connectorid>
      <iscustomizable>1</iscustomizable>
      <promptingbehavior>0</promptingbehavior>
      <statecode>0</statecode>
      <statuscode>1</statuscode>
    </connectionreference>
  </connectionreferences>
  <Languages>
    <Language>1033</Language>
  </Languages>
</ImportExportXml>