{
  "properties": {
    "connectionReferences": {
      "shared_commondataserviceforapps": {
        "runtimeSource": "embedded",
        "connection": {
          "connectionReferenceLogicalName": "rpacat_sharedcommondataserviceforapps_224e0"
        },
        "api": {
          "name": "shared_commondataserviceforapps"
        }
      }
    },
    "definition": {
      "$schema": "https://schema.management.azure.com/providers/Microsoft.Logic/schemas/2016-06-01/workflowdefinition.json#",
      "contentVersion": "1.0.0.0",
      "parameters": {
        "$connections": {
          "defaultValue": {},
          "type": "Object"
        },
        "$authentication": {
          "defaultValue": {},
          "type": "SecureObject"
        }
      },
      "triggers": {
        "manual": {
          "metadata": {
            "operationMetadataId": "b6d94bcf-f974-44fc-b79a-b3057355b793"
          },
          "type": "Request",
          "kind": "PowerAppV2",
          "inputs": {
            "schema": {
              "type": "object",
              "properties": {
                "text": {
                  "description": "Please enter your input",
                  "title": "fromDate",
                  "type": "string",
                  "x-ms-content-hint": "TEXT",
                  "x-ms-dynamically-added": true
                },
                "text_1": {
                  "description": "Please enter your input",
                  "title": "toDate",
                  "type": "string",
                  "x-ms-content-hint": "TEXT",
                  "x-ms-dynamically-added": true
                }
              },
              "required": [
                "text",
                "text_1"
              ]
            }
          }
        }
      },
      "actions": {
        "Get_Solution_History": {
          "runAfter": {
            "SolutionHistoriesTableName": [
              "Succeeded"
            ]
          },
          "metadata": {
            "operationMetadataId": "b1a9abbf-8745-464f-9897-c215c0ae1a2c"
          },
          "type": "OpenApiConnection",
          "inputs": {
            "host": {
              "connectionName": "shared_commondataserviceforapps",
              "operationId": "ListRecords",
              "apiId": "/providers/Microsoft.PowerApps/apis/shared_commondataserviceforapps"
            },
            "parameters": {
              "entityName": "@outputs('SolutionHistoriesTableName')",
              "$select": "starttime,solutionname,solutionversion,solutionid,publishername",
              "$filter": "starttime ge '@{triggerBody()?['text']}' and starttime lt '@{triggerBody()?['text_1']}' and solutionid ne '00000000-0000-0000-0000-000000000000' and solutionversion ne '0.0.0.0'"
            },
            "authentication": "@parameters('$authentication')"
          }
        },
        "SolutionHistoriesTableName": {
          "runAfter": {},
          "metadata": {
            "operationMetadataId": "2df98bc4-5a79-405e-9e5a-571c56f475cf"
          },
          "type": "Compose",
          "inputs": "solutionhistories"
        },
        "Respond_to_a_PowerApp_or_flow": {
          "runAfter": {
            "Result": [
              "Succeeded"
            ]
          },
          "metadata": {
            "operationMetadataId": "4a3e702b-dbc9-468c-aa0f-b0d6f6cea012"
          },
          "type": "Response",
          "kind": "PowerApp",
          "inputs": {
            "statusCode": 200,
            "body": {
              "records": "@{outputs('Result')}"
            },
            "schema": {
              "type": "object",
              "properties": {
                "records": {
                  "title": "Records",
                  "x-ms-dynamically-added": true,
                  "type": "string"
                }
              }
            }
          }
        },
        "Result": {
          "runAfter": {
            "Parse_JSON": [
              "Succeeded"
            ]
          },
          "metadata": {
            "operationMetadataId": "4eb9067f-5c7b-4698-81d4-b7e8486321ee"
          },
          "type": "Compose",
          "inputs": "@body('Parse_JSON')?['value']"
        },
        "Parse_JSON": {
          "runAfter": {
            "Get_Solution_History": [
              "Succeeded"
            ]
          },
          "metadata": {
            "operationMetadataId": "c1d78a59-497f-4586-8e0b-d916fcd23ae2"
          },
          "type": "ParseJson",
          "inputs": {
            "content": "@body('Get_Solution_History')",
            "schema": {
              "type": "object",
              "properties": {
                "@@odata.context": {
                  "type": "string"
                },
                "#Microsoft.Dynamics.CRM.CreateMultiple": {
                  "type": "object",
                  "properties": {
                    "title": {
                      "type": "string"
                    },
                    "target": {
                      "type": "string"
                    }
                  }
                },
                "#Microsoft.Dynamics.CRM.DeleteMultiple": {
                  "type": "object",
                  "properties": {
                    "title": {
                      "type": "string"
                    },
                    "target": {
                      "type": "string"
                    }
                  }
                },
                "#Microsoft.Dynamics.CRM.UpdateMultiple": {
                  "type": "object",
                  "properties": {
                    "title": {
                      "type": "string"
                    },
                    "target": {
                      "type": "string"
                    }
                  }
                },
                "#Microsoft.Dynamics.CRM.UpsertMultiple": {
                  "type": "object",
                  "properties": {
                    "title": {
                      "type": "string"
                    },
                    "target": {
                      "type": "string"
                    }
                  }
                },
                "@@Microsoft.Dynamics.CRM.totalrecordcount": {
                  "type": "integer"
                },
                "@@Microsoft.Dynamics.CRM.totalrecordcountlimitexceeded": {
                  "type": "boolean"
                },
                "@@Microsoft.Dynamics.CRM.globalmetadataversion": {
                  "type": "string"
                },
                "value": {
                  "type": "array",
                  "items": {
                    "type": "object",
                    "properties": {
                      "@@odata.type": {
                        "type": "string"
                      },
                      "@@odata.id": {
                        "type": "string"
                      },
                      "@@odata.editLink": {
                        "type": "string"
                      },
                      "starttime@OData.Community.Display.V1.FormattedValue": {
                        "type": "string"
                      },
                      "starttime@odata.type": {
                        "type": "string"
                      },
                      "starttime": {
                        "type": "string"
                      },
                      "solutionname": {
                        "type": "string"
                      },
                      "solutionversion": {
                        "type": "string"
                      },
                      "solutionid@odata.type": {
                        "type": "string"
                      },
                      "solutionid": {
                        "type": "string"
                      },
                      "endtime@OData.Community.Display.V1.FormattedValue": {
                        "type": "string"
                      },
                      "endtime@odata.type": {
                        "type": "string"
                      },
                      "endtime": {
                        "type": "string"
                      },
                      "operation@OData.Community.Display.V1.FormattedValue": {
                        "type": "string"
                      },
                      "operation": {
                        "type": "integer"
                      },
                      "solutionhistorydataid@odata.type": {
                        "type": "string"
                      },
                      "solutionhistorydataid": {
                        "type": "string"
                      }
                    },
                    "required": [
                      "@@odata.type",
                      "@@odata.id",
                      "@@odata.editLink",
                      "starttime@OData.Community.Display.V1.FormattedValue",
                      "starttime@odata.type",
                      "starttime",
                      "solutionname",
                      "solutionversion",
                      "solutionid@odata.type",
                      "solutionid",
                      "endtime@OData.Community.Display.V1.FormattedValue",
                      "endtime@odata.type",
                      "endtime",
                      "operation",
                      "solutionhistorydataid@odata.type",
                      "solutionhistorydataid"
                    ]
                  }
                }
              }
            }
          }
        }
      }
    },
    "templateName": ""
  },
  "schemaVersion": "1.0.0.0"
}